[1,["ecpdLyjvZBwrvm+cedCcQy","d52WI7bO5Cq7BWJhC8Xroj","efAvZ4j8ZPR6lFGxFG/fEe","f1EMQulotMJJ2kLqRhMEAk","a0W1YRS9tMo7KvVN4KkCjR"],["node","_spriteFrame","root","BGSprite","Report_Rank","target","data","Report_Label","_textureSetter"],[["cc.Node",["_name","_objFlags","_components","_prefab","_contentSize","_trs","_parent","_children","_anchorPoint","_color"],1,9,4,5,7,1,2,5,5],["cc.Sprite",["_sizeMode","node","_materials","_spriteFrame"],2,1,3,6],["cc.PrefabInfo",["fileId","root"],2,1],["cc.Label",["_string","_N$horizontalAlign","_N$verticalAlign","_fontSize","_lineHeight","_styleFlags","node","_materials"],-3,1,3],"cc.SpriteFrame",["cc.Prefab",["_name"],2],["cc.Node",["_name","_parent","_components","_prefab","_contentSize","_trs"],2,1,12,4,5,7],["cc.Node",["_name","_parent","_components","_prefab","_color","_contentSize","_trs"],2,1,2,4,5,5,7],["d8c801US0ZKWIP4fZ/YWxXG",["Iamge","node","BGSprite"],2,1,1],["3150aaPeV1AHaJmpWEz0VCd",["node","Canvas","Report_Rank","Report_Label"],3,1,1,1,6],["cc.Button",["node","clickEvents"],3,1,9],["cc.ClickEvent",["_componentId","handler","target"],1,1],["cc.Mask",["_type","_N$alphaThreshold","node","_materials"],1,1,3]],[[2,0,1,2],[1,0,1,2,3,2],[3,0,3,4,1,2,6,7,6],[5,0,2],[0,0,1,7,2,3,4,8,5,3],[0,0,6,7,2,3,4,5,2],[0,0,6,2,3,4,2],[0,0,6,2,3,9,4,5,2],[0,0,6,2,3,9,4,8,5,2],[6,0,1,2,3,4,5,2],[7,0,1,2,3,4,5,6,2],[1,0,1,2,2],[2,1,1],[8,0,1,2,2],[9,0,1,2,3,1],[10,0,1,1],[11,0,1,2,3],[12,0,1,2,3,3],[3,0,5,1,2,6,7,5]],[[[[3,"User_Label"],[4,"User_Label",512,[-3,-4,-5,-6,-7],[[1,0,-2,[8],9]],[12,-1],[5,700,185],[0,0.5,1],[0,-50,0,0,0,0,1,1,1,1]],[9,"Report_Image",1,[[-8,[13,"https://7a63-zcx-6gbgdxdy254816b0-1304342947.tcb.qcloud.la/image/Button/Report.png?sign=4b4d1d37e168ce48aa2286048c3ec2e1&t=1609488105",-10,-9],[14,-12,1,-11,7],[15,-14,[[16,"3150aaPeV1AHaJmpWEz0VCd","on_btn_click",-13]]]],1,4,4,4],[0,"14vK9I9U5Jy5ryZzaFWBGD",1],[5,60,60],[-25,-130,0,0,0,0,1,1,1,1]],[5,"Head_Image_Mask",1,[-16],[[17,1,0,-15,[3]]],[0,"c2IMNd9ZRGWZ8Aq3sBS1f8",1],[5,150,150],[-150,-90,0,0,0,0,1,1,1,1]],[10,"Game_Rank_Show",1,[-17],[0,"514/kD8fdH/JZpSElhpm3y",1],[4,4278190080],[5,133.48,100.8],[-300,-100,0,0,0,0,1,1,1,1]],[2,"100",80,80,1,1,4,[0]],[6,"Head_Image",3,[[1,0,-18,[1],2]],[0,"1ePQN6ZPxFs76O5i8XMY+U",1],[5,150,150]],[7,"User_Name",1,[[18,"衢州刘德华",1,1,1,-19,[4]]],[0,"e0Dq1VCiRNB56WZhvZ+l1S",1],[4,4278190080],[5,200,50.4],[50,-50,0,0,0,0,1,1,1,1]],[8,"Best_Score_Text",1,[[2,"100分",60,60,2,1,-20,[5]]],[0,"f54z4+ohZDrIGLw5aFXVWY",1],[4,4282416294],[5,160.11,75.6],[0,1,0.5],[323,-100,0,0,0,0,1,1,1,1]],[11,0,2,[6]]],0,[0,2,1,0,0,1,0,-1,4,0,-2,3,0,-3,7,0,-4,8,0,-5,2,0,-1,9,0,3,9,0,0,2,0,4,5,0,0,2,0,5,2,0,0,2,0,0,3,0,-1,6,0,-1,5,0,0,6,0,0,7,0,0,8,0,6,1,20],[0,0,0,0,0,0,0,0,0,0],[-1,-1,1,-1,-1,-1,-1,7,-1,1],[0,0,1,0,0,0,0,2,0,3]],[[{"name":"Rank_Background","rect":[0,0,344,504],"offset":[0,0],"originalSize":[344,504],"capInsets":[0,0,0,0]}],[4],0,[0],[8],[4]]]]