{
  "title": "FlappyBird",
  "packageName": "org.cocos2d.demo",
  "startScene": "257a45f2-2a1c-49c0-908d-324cf873a952",
  "excludeScenes": [
    "202472a6-0331-4c0f-ba51-ece12bb0e48f"
  ],
  "orientation": {
    "landscapeLeft": true,
    "landscapeRight": true,
    "portrait": false,
    "upsideDown": false
  },
  "webOrientation": "auto",
  "inlineSpriteFrames": false,
  "inlineSpriteFrames_native": true,
  "mainCompressionType": "subpackage",
  "mainIsRemote": false,
  "optimizeHotUpdate": false,
  "md5Cache": false,
  "nativeMd5Cache": true,
  "encryptJs": true,
  "xxteaKey": "ebeb9d55-9f00-4a",
  "zipCompressJs": true,
  "fb-instant-games": {},
  "android": {
    "REMOTE_SERVER_ROOT": "",
    "packageName": "org.cocos2d.demo"
  },
  "ios": {
    "REMOTE_SERVER_ROOT": "",
    "packageName": "org.cocos2d.demo"
  },
  "mac": {
    "REMOTE_SERVER_ROOT": "",
    "height": 720,
    "packageName": "org.cocos2d.demo",
    "width": 1280
  },
  "win32": {
    "REMOTE_SERVER_ROOT": "",
    "height": 720,
    "width": 1280
  },
  "android-instant": {
    "REMOTE_SERVER_ROOT": "",
    "host": "",
    "packageName": "org.cocos2d.demo",
    "pathPattern": "",
    "recordPath": "",
    "scheme": "https",
    "skipRecord": false
  },
  "appBundle": false
}
