[1,["ecpdLyjvZBwrvm+cedCcQy","9bvaMerUlDyary99mJa6xp","98gpKfsKhKjaXXD18iYZdc","99FwsL0hBG8bITfZ4/IwmK","33kqAuUHBFapjR6dSBvVIM","35ml/uQ6xCOY21jPuSV0s4","a2MjXRFdtLlYQ5ouAFv/+R","e97GVMl6JHh5Ml5qEDdSGa","f0BIwQ8D5Ml7nTNQbh1YlS","29FYIk+N1GYaeWH/q1NxQO","8855/VlrRKd6H0MSRnFxAU"],["node","BGSprite","target","_spriteFrame","_parent","_textureSetter","root","Compassion_Show","Gold_Show","Diamond_Show","Canvas","Admin_Button","Jump_Jump","Choose_Difficulty","_N$target","scene","Tip","_N$normalSprite","_N$pressedSprite","_N$hoverSprite","_N$disabledSprite"],[["cc.Node",["_name","_id","_opacity","_active","_objFlags","_components","_contentSize","_trs","_children","_parent","_color","_prefab","_anchorPoint"],-2,9,5,7,2,1,5,4,5],["cc.Widget",["_alignFlags","_bottom","_left","_right","_originalHeight","_originalWidth","_top","_isAbsLeft","_isAbsRight","_verticalCenter","_horizontalCenter","_isAbsBottom","alignMode","node"],-10,1],["cc.Node",["_name","_parent","_components","_contentSize","_trs","_prefab","_children","_color","_anchorPoint"],2,1,12,5,7,4,2,5,5],["cc.Sprite",["_sizeMode","_type","_isTrimmedMode","_materials","node","_spriteFrame"],0,3,1,6],["cc.Label",["_string","_lineHeight","_N$horizontalAlign","_N$verticalAlign","_fontSize","_styleFlags","node","_materials"],-3,1,3],["cc.PrefabInfo",["fileId","root"],2,1],["cc.Button",["_N$transition","node","clickEvents","_N$normalColor","_N$pressedColor","_N$disabledColor","_N$target","_N$normalSprite","_N$pressedSprite","_N$hoverSprite","_N$disabledSprite"],2,1,9,5,5,5,1,6,6,6,6],"cc.SpriteFrame",["cc.SceneAsset",["_name","asyncLoadAssets"],1],["cc.Node",["_name","_parent","_components","_prefab","_contentSize","_anchorPoint","_trs"],2,1,2,4,5,5,7],["bcc9eKPWABDFafMeuT5G5RM",["node","Diamond_Show","Gold_Show","Compassion_Show"],3,1,1,1,1],["92d67ihDSlIL5FHV3xxiZud",["node","Canvas","Tip"],3,1,1,6],["cc.Canvas",["_fitWidth","node","_designResolution"],2,1,5],["af79b95NVZMY7RSD43KGbtm",["node","Admin_Button"],3,1,1],["cc.Sprite",["_sizeMode","node","_materials"],2,1,12],["cc.ClickEvent",["_componentId","handler","target"],1,1],["d2897L4SatGvI7ZZ+eiw+yr",["scene","node"],2,1],["3313dWvxnZAQ4hjAepWc3E+",["Difficulty","node"],2,1],["cc.Layout",["node","_layoutSize"],3,1,5],["d8c801US0ZKWIP4fZ/YWxXG",["Iamge","node","BGSprite"],2,1,1],["b2407c+gnxIrKO0x/Qzt/Qc",["Iamge","node","BGSprite"],2,1,1],["c6f98AzcwBDYJG3lkcaGmT0",["scene","node"],2,1],["c82b5K7GGNOQZ4B65REBXaa",["node","Choose_Difficulty","Jump_Jump"],3,1,1,1],["734952mXWpNIbJ+BxxqrbWv",["node","BGSprite"],3,1,1],["cc.Camera",["_clearFlags","_depth","node"],1,1],["aaa92aSi/ZKjb7X8Ef7fnO9",["node"],3,1],["cc.Scene",["_name","_active","_children","_anchorPoint","_trs"],1,2,5,7]],[[15,0,1,2,3],[6,1,2,1],[5,0,1,2],[19,0,1,2,2],[2,0,1,2,3,4,2],[3,0,4,3,2],[3,0,2,4,3,3],[16,0,1,2],[3,1,0,4,3,5,3],[20,0,1,2,2],[0,0,9,5,6,7,2],[2,0,1,2,5,3,8,4,2],[1,0,2,3,6,1,9,10,7,8,4,13,11],[18,0,1,1],[0,0,5,6,7,2],[0,0,9,8,5,11,10,6,12,7,2],[2,0,1,2,5,3,4,2],[1,0,2,3,6,1,4,13,7],[1,0,2,3,5,4,13,6],[1,0,2,3,6,1,5,4,13,8],[14,0,1,2,2],[4,0,6,7,2],[4,0,4,1,2,3,6,7,6],[17,0,1,2],[23,0,1,1],[2,0,1,2,3,2],[9,0,1,2,3,4,5,6,2],[1,0,13,2],[3,0,4,3,5,2],[21,0,1,2],[8,0,1,3],[0,0,8,5,11,6,7,2],[0,0,1,8,5,6,7,3],[0,0,9,8,5,10,6,12,7,2],[0,0,2,9,8,5,10,6,7,3],[0,0,3,9,8,5,6,7,3],[0,0,9,8,5,6,7,2],[0,0,4,9,5,6,3],[2,0,1,6,2,7,3,2],[10,0,1,2,3,1],[11,0,1,2,1],[5,1,1],[12,0,1,2,2],[1,0,1,5,13,4],[1,0,2,3,6,1,9,10,7,8,11,4,13,12],[1,12,0,5,4,13,5],[1,0,2,3,6,1,7,8,5,13,9],[13,0,1,1],[3,0,3,2],[4,0,4,1,5,2,3,6,7,7],[4,0,1,2,3,6,7,5],[6,0,1,2,3,4,5,6,7,8,9,10,2],[22,0,1,2,1],[24,0,1,2,3],[25,0,1],[26,0,1,2,3,4,3]],[[[{"name":"default_progressbar_bg","rect":[0,0,60,15],"offset":[0,0],"originalSize":[60,15],"capInsets":[10,4,10,4]}],[7],0,[0],[5],[3]],[[[30,"Game_Start",null],[31,"Show_Base_Resource",[-8,-9,-10],[[39,-5,-4,-3,-2],[40,-7,-6,16]],[41,-1],[5,1280,100],[0,800,0,0,0,0,1,1,1,1]],[32,"Canvas","a5esZu+45LA5mBpvttspPD",[-15,-16,-17,-18,-19,-20,-21],[[42,true,-11,[5,1080,1920]],[27,45,-12],[47,-14,-13]],[5,1080,1920],[540,960,0,0,0,0,1,1,1,1]],[33,"menu bar",2,[-24,-25,-26,-27,-28,-29],[[28,0,-22,[36],37],[43,44,-0.000003185518380632857,1290,-23]],[4,4286139211],[5,1080,193],[0,0.49999999999999983,0.5],[-2.2737367544323206e-13,-863.5000031855184,0,0,0,0,1,1,1,1]],[14,"Difficulty_Choose_Easy",[[21,"简单",-30,[20]],[17,45,110,610,174.8,74.8,50.4,-31],[1,-34,[[0,"3313dWvxnZAQ4hjAepWc3E+","on_btn_click",-32],[0,"d2897L4SatGvI7ZZ+eiw+yr","on_btn_click",-33]]],[7,"Game_Coming",-35],[23,"Easy",-36]],[5,80,50.4],[-250,-50.00000000000001,0,0,0,0,1,1,1,1]],[14,"Difficulty_Choose_Mid",[[21,"中等",-37,[21]],[17,45,360,360,174.8,74.8,50.4,-38],[1,-41,[[0,"3313dWvxnZAQ4hjAepWc3E+","on_btn_click",-39],[0,"d2897L4SatGvI7ZZ+eiw+yr","on_btn_click",-40]]],[7,"Game_Coming",-42],[23,"Mid",-43]],[5,80,50.4],[0,-50.00000000000001,0,0,0,0,1,1,1,1]],[14,"Difficulty_Choose_Difficulty",[[21,"困难",-44,[22]],[17,45,610,109.99999999999997,174.8,74.8,50.4,-45],[1,-48,[[0,"3313dWvxnZAQ4hjAepWc3E+","on_btn_click",-46],[0,"d2897L4SatGvI7ZZ+eiw+yr","on_btn_click",-47]]],[7,"Game_Coming",-49],[23,"Difficulty",-50]],[5,80,50.4],[250,-50.00000000000001,0,0,0,0,1,1,1,1]],[15,"Compassion_Backgound",1,[-54,-55,-56],[[8,1,0,-51,[4],5],[13,-52,[5,250.00000000000045,100]],[18,45,890,139.99999999999955,300,150,-53]],[2,"96te3SS2FDSZMk6Q3J17O6",1],[4,4278190080],[5,250.00000000000045,100],[0,0,0.5],[250,0,0,0,0,0,1,1,1,1]],[15,"Diamonds_Backgound",1,[-60,-61,-62],[[8,1,0,-57,[9],10],[13,-58,[5,250.00000000000045,100]],[18,45,140,889.9999999999995,300,150,-59]],[2,"70qpRnTmhAIahLzDCGlRB+",1],[4,4278190080],[5,250.00000000000045,100],[0,0,0.5],[-500,0,0,0,0,0,1,1,1,1]],[15,"Golds_Backgound",1,[-66,-67,-68],[[8,1,0,-63,[14],15],[13,-64,[5,250.00000000000045,100]],[18,45,515,514.9999999999995,300,150,-65]],[2,"64+06M5apAsrziuTr7kFoi",1],[4,4278190080],[5,250.00000000000045,100],[0,0,0.5],[-125,0,0,0,0,0,1,1,1,1]],[38,"Difficulty_Choose_Label",2,[-72,4,5,6],[[-69,[3,"https://7a63-zcx-6gbgdxdy254816b0-1304342947.tcb.qcloud.la/image/Frame/Black_Frame.png?sign=bd3e03574f3fe5a21230e59f3a452ad4&t=1608896949",-71,-70]],1,4],[4,4282862666],[5,800,300]],[4,"friend jump",3,[[-73,[12,36,0.8,0.04000000002390003,731.4749415632875,6.5,0.9065535505560547,0.9960692045682435,false,false,180,-74],[1,-76,[[0,"c6f98AzcwBDYJG3lkcaGmT0","on_btn_click",-75]]],[9,"https://7a63-zcx-6gbgdxdy254816b0-1304342947.tcb.qcloud.la/image/Button/frind.png?sign=66db9886901039b842d3bd7a36678074&t=1608781185",-78,-77],[29,"Friends",-79]],1,4,4,4,4],[5,188,180],[402.7999999741882,0,0,0,0,0,1,1,1,1]],[4,"character jump",3,[[-80,[12,36,0.62,0.21,796.0932865388611,6.5,0.9065535505560547,0.9960692045682435,false,false,180,-81],[1,-83,[[0,"c6f98AzcwBDYJG3lkcaGmT0","on_btn_click",-82]]],[9,"https://7a63-zcx-6gbgdxdy254816b0-1304342947.tcb.qcloud.la/image/Button/character.png?sign=cc521c43ae76029ef6a9bd4b2e4fe4e4&t=1608770992",-85,-84],[29,"Character",-86]],1,4,4,4,4],[5,188,180],[219.20000000000027,0,0,0,0,0,1,1,1,1]],[4,"rank jump",3,[[-87,[12,12,0.23,0.040985771575873506,731.4749415632875,6.5,0.9065535505560547,0.9960692045682435,false,false,180,-88],[9,"https://7a63-zcx-6gbgdxdy254816b0-1304342947.tcb.qcloud.la/image/Button/rank.png?sign=a6bca5840102878dde2fa0b3db672ba0&t=1608772090",-90,-89],[7,"Rank_World",-91],[1,-93,[[0,"d2897L4SatGvI7ZZ+eiw+yr","on_btn_click",-92]]]],1,4,4,4,4],[5,188,180],[-197.5999999999998,0,0,0,0,0,1,1,1,1]],[4,"shop jump",3,[[-94,[44,12,0.04,0.040985771575873506,731.4749415632875,0.033678756476683946,0.9065535505560547,0.9960692045682435,false,false,false,180,-95],[9,"https://7a63-zcx-6gbgdxdy254816b0-1304342947.tcb.qcloud.la/image/Button/shop.png?sign=e5b0fe6c87020ae3a800dc1798902ad4&t=1608772500",-97,-96],[7,"Shop",-98],[1,-100,[[0,"d2897L4SatGvI7ZZ+eiw+yr","on_btn_click",-99]]]],1,4,4,4,4],[5,188,180],[-402.7999999999998,0,0,0,0,0,1,1,1,1]],[4,"JUMP_JUMP",2,[[-101,[1,-103,[[0,"d2897L4SatGvI7ZZ+eiw+yr","on_btn_click",-102]]],[3,"https://7a63-zcx-6gbgdxdy254816b0-1304342947.tcb.qcloud.la/image/Button/Start_Jump.png?sign=96826a7ca2c0e017864a0e8105f8b8cc&t=1608623296",-105,-104],[52,-108,-107,-106]],1,4,4,4],[5,500,500],[0,-125,0,0,0,0,1,1,1,1]],[34,"Map_Backgound",221,2,[-111,-112,-113],[[8,1,0,-109,[28],29],[13,-110,[5,1280,350]]],[4,4279242768],[5,1280,350],[0,-550,0,0,0,0,1,1,1,1]],[25,"Map_Desert",16,[[-114,[3,"https://7a63-zcx-6gbgdxdy254816b0-1304342947.tcb.qcloud.la/image/Map/Map_Desert.jpg?sign=1ff843bf81f16ee3d008efbd49344610&t=1608450857",-116,-115],[1,-118,[[0,"734952mXWpNIbJ+BxxqrbWv","on_btn_click",-117]]],[24,-120,-119]],1,4,4,4],[5,300,300]],[4,"Map_Night",16,[[-121,[3,"https://7a63-zcx-6gbgdxdy254816b0-1304342947.tcb.qcloud.la/image/Map/Map_Night.jpg?sign=b4ca9ed7410c1e4b31b34fa43922b199&t=1608625995",-123,-122],[1,-125,[[0,"734952mXWpNIbJ+BxxqrbWv","on_btn_click",-124]]],[24,-127,-126]],1,4,4,4],[5,300,300],[350,0,0,0,0,0,1,1,1,1]],[35,"Admin_Admin",false,2,[-132],[[51,2,-130,[[0,"d2897L4SatGvI7ZZ+eiw+yr","on_btn_click",-129]],[4,4293322470],[4,4291348680],[4,3363338360],-128,40,41,42,43],[7,"Account_Manage",-131]],[5,300,200],[-300,600,0,0,0,0,1,1,1,1]],[36,"Main Camera",2,[-134,1],[[53,7,-1,-133]],[5,1280,2080],[0,0,465.05564183224357,0,0,0,1,1,1,1]],[48,0,[0]],[10,"Map_Dusk",16,[[28,0,-135,[26],27],[1,-137,[[0,"734952mXWpNIbJ+BxxqrbWv","on_btn_click",-136]]],[24,-138,21]],[5,300,300],[-350,0,0,0,0,0,1,1,1,1]],[25,"BG",20,[[21,[27,45,-139],[3,"https://7a63-zcx-6gbgdxdy254816b0-1304342947.tcb.qcloud.la/image/Map/Map_Desert.jpg?sign=8743ac858bb296e7613ce9a38b2edf81&t=1608969973",-140,21]],1,4,4],[5,1280,2080]],[11,"Compassions_Image",7,[[-141,[19,45,20,150.00000000000045,10,10,60,60,-142],[3,"https://7a63-zcx-6gbgdxdy254816b0-1304342947.tcb.qcloud.la/base_materials/Compassion_Strength.png?sign=d5fcc4746e34279d44a83db6f9439f45&t=1608568406",-144,-143]],1,4,4],[2,"b17t+N5U5IyZo3IivQitS9",1],[5,80,80],[0,0,0.5],[20,0,0,0,0,0,1,1,1,1]],[16,"Compassions_Add",7,[[-145,[3,"https://7a63-zcx-6gbgdxdy254816b0-1304342947.tcb.qcloud.la/base_materials/Materials_Add.png?sign=b3b963f1ec8b65b22a1006391a3e1256&t=1608567680",-147,-146],[1,-148,[[0,"92d67ihDSlIL5FHV3xxiZud","on_btn_click",1]]]],1,4,4],[2,"0baRLmf9tPy6IMhIFxb5Vq",1],[5,50,50],[212.987,0,0,0,0,0,1,1,1,1]],[11,"Diamonds_Image",8,[[-149,[19,45,20,150.0000000000005,10,10,60,60,-150],[3,"https://7a63-zcx-6gbgdxdy254816b0-1304342947.tcb.qcloud.la/base_materials/Diamonds.png?sign=f758cee56ea740e53ea9236adc00e8a9&t=1608566931",-152,-151]],1,4,4],[2,"b6r6Wgb8pPY5iOD84l66Io",1],[5,79.99999999999994,80],[0,0,0.5],[20,0,0,0,0,0,1,1,1,1]],[16,"Diamonds_Add",8,[[-153,[3,"https://7a63-zcx-6gbgdxdy254816b0-1304342947.tcb.qcloud.la/base_materials/Materials_Add.png?sign=b3b963f1ec8b65b22a1006391a3e1256&t=1608567680",-155,-154],[1,-156,[[0,"92d67ihDSlIL5FHV3xxiZud","on_btn_click",1]]]],1,4,4],[2,"e5Z7dPGOFIDpikVDhQf+U8",1],[5,50,50],[212.987,0,0,0,0,0,1,1,1,1]],[11,"Golds_Image",9,[[-157,[19,45,20,150.00000000000045,10,10,60,60,-158],[3,"https://7a63-zcx-6gbgdxdy254816b0-1304342947.tcb.qcloud.la/base_materials/Gold.png?sign=b08320c33bd82cf0a95f128c75d7556d&t=1608568267",-160,-159]],1,4,4],[2,"03T3ZYFWJGeLhWCk83llTR",1],[5,80,80],[0,0,0.5],[20,0,0,0,0,0,1,1,1,1]],[16,"Golds_Add",9,[[-161,[3,"https://7a63-zcx-6gbgdxdy254816b0-1304342947.tcb.qcloud.la/base_materials/Materials_Add.png?sign=b3b963f1ec8b65b22a1006391a3e1256&t=1608567680",-163,-162],[1,-164,[[0,"92d67ihDSlIL5FHV3xxiZud","on_btn_click",1]]]],1,4,4],[2,"8c8fFRgXdG1oJ8gUPeND3H",1],[5,50,50],[212.987,0,0,0,0,0,1,1,1,1]],[4,"game jump",3,[[-165,[12,12,0.42700000000000005,0.040985771575873506,796.0932865388611,67.9,0.9065535505560547,0.9960692045682435,false,false,180,-166],[9,"https://7a63-zcx-6gbgdxdy254816b0-1304342947.tcb.qcloud.la/image/Button/game.png?sign=d7ca24505771e5caa0a9eed1a1b1307b&t=1608781137",-168,-167]],1,4,4],[5,188,180],[15.160000000000252,61.400000000000006,0,0,0,0,1,1,1,1]],[37,"Background",512,19,[[8,1,0,-169,[38],39],[45,0,45,100,40,-170]],[5,300,200]],[11,"Golds_Show",9,[[-171,[1,-172,[[0,"c4994O5i1VIrqndJ+WWHyX6","on_btn_click",1]]]],1,4],[2,"89bAR/fuJGcrsAcI6r6853",1],[5,75.08,100.8],[0,1,0.5],[184,1,0,0,0,0,1,1,1,1]],[10,"Bird",2,[[5,0,-173,[17]],[54,-174]],[5,100,100],[0,258.624,0,0,0,0,1,1,1,1]],[5,0,15,[18]],[5,0,10,[23]],[10,"bar name",3,[[49,"开始游戏",50,45,1,1,1,-175,[35]],[46,12,0.4214444444444443,0.075,300.03999999999996,10,false,false,560,-176]],[5,200,56.7],[15.160000000000082,-58.15,0,0,0,0,1,1,1,1]],[55,"New Node",false,[2],[0,0,0],[0,0,0,0,0,0,1,1,1,1]],[6,0,false,24,[1]],[26,"Compassions_Show",7,[-177],[2,"c7Z3rUBHFId7CrgjgiXpes",1],[5,50.05,100.8],[0,1,0.5],[184,1,0,0,0,0,1,1,1,1]],[22,"10",45,80,1,1,39,[2]],[6,0,false,25,[3]],[6,0,false,26,[6]],[26,"Diamonds_Show",8,[-178],[2,"94WPjCOTJOMp1MvllTOI5f",1],[5,50.05,100.8],[0,1,0.5],[184,1,0,0,0,0,1,1,1,1]],[22,"10",45,80,1,1,43,[7]],[6,0,false,27,[8]],[6,0,false,28,[11]],[22,"417",45,80,1,1,32,[12]],[6,0,false,29,[13]],[10,"Difficulty_Choose_Label",10,[[50,"选择难度",50,1,1,-179,[19]]],[5,160,63],[0,80,0,0,0,0,1,1,1,1]],[5,0,17,[24]],[5,0,18,[25]],[20,0,11,[[30,null],6,0]],[20,0,30,[[31,null],6,0]],[5,0,12,[32]],[20,0,13,[[33,null],6,0]],[5,0,14,[34]]],0,[0,6,1,0,7,40,0,8,47,0,9,44,0,0,1,0,10,20,0,0,1,0,-1,7,0,-2,8,0,-3,9,0,0,2,0,0,2,0,11,19,0,0,2,0,-1,20,0,-2,33,0,-3,15,0,-4,16,0,-5,10,0,-6,3,0,-7,19,0,0,3,0,0,3,0,-1,11,0,-2,30,0,-3,12,0,-4,13,0,-5,14,0,-6,36,0,0,4,0,0,4,0,2,4,0,2,4,0,0,4,0,0,4,0,0,4,0,0,5,0,0,5,0,2,5,0,2,5,0,0,5,0,0,5,0,0,5,0,0,6,0,0,6,0,2,6,0,2,6,0,0,6,0,0,6,0,0,6,0,0,7,0,0,7,0,0,7,0,-1,24,0,-2,39,0,-3,25,0,0,8,0,0,8,0,0,8,0,-1,26,0,-2,43,0,-3,27,0,0,9,0,0,9,0,0,9,0,-1,28,0,-2,32,0,-3,29,0,-1,35,0,1,35,0,0,10,0,-1,49,0,-1,52,0,0,11,0,2,11,0,0,11,0,1,52,0,0,11,0,0,11,0,-1,54,0,0,12,0,2,12,0,0,12,0,1,54,0,0,12,0,0,12,0,-1,55,0,0,13,0,1,55,0,0,13,0,0,13,0,2,13,0,0,13,0,-1,56,0,0,14,0,1,56,0,0,14,0,0,14,0,2,14,0,0,14,0,-1,34,0,2,15,0,0,15,0,1,34,0,0,15,0,12,34,0,13,35,0,0,15,0,0,16,0,0,16,0,-1,17,0,-2,18,0,-3,22,0,-1,50,0,1,50,0,0,17,0,2,17,0,0,17,0,1,21,0,0,17,0,-1,51,0,1,51,0,0,18,0,2,18,0,0,18,0,1,21,0,0,18,0,14,31,0,2,19,0,0,19,0,0,19,0,-1,31,0,0,20,0,-1,23,0,0,22,0,2,22,0,0,22,0,0,22,0,0,23,0,0,23,0,-1,38,0,0,24,0,1,38,0,0,24,0,-1,41,0,1,41,0,0,25,0,0,25,0,-1,42,0,0,26,0,1,42,0,0,26,0,-1,45,0,1,45,0,0,27,0,0,27,0,-1,46,0,0,28,0,1,46,0,0,28,0,-1,48,0,1,48,0,0,29,0,0,29,0,-1,53,0,0,30,0,1,53,0,0,30,0,0,31,0,0,31,0,-1,47,0,0,32,0,0,33,0,0,33,0,0,36,0,0,36,0,-1,40,0,-1,44,0,0,49,0,15,37,1,4,20,2,4,37,4,4,10,5,4,10,6,4,10,21,0,23,179],[0,0,0,0,0,0,0,0,0,0,0,0,0,0,0,0,0,0,0,0,0,0,0,0,0,0,0,0,0,0,0,0,0,0,0,0,0,0,0,0,0,0,0,0,35],[-1,-1,-1,-1,-1,3,-1,-1,-1,-1,3,-1,-1,-1,-1,3,16,-1,-1,-1,-1,-1,-1,-1,-1,-1,-1,3,-1,3,-1,-1,-1,-1,-1,-1,-1,3,-1,3,17,18,19,20,3],[0,0,0,0,0,1,0,0,0,0,1,0,0,0,0,1,4,0,0,0,0,0,0,0,0,0,0,5,0,1,0,0,0,0,0,0,0,6,0,2,2,7,8,9,10]]]]