{
  "version": "1.1.1",
  "windows": {
    "main": {
      "main": true,
      "url": "app://editor/index.html",
      "windowType": "dockable",
      "x": 0,
      "y": 0,
      "width": 1536,
      "height": 824,
      "layout": {
        "children": [
          {
            "active": 0,
            "children": [
              "assets"
            ],
            "height": 708.2000122070312,
            "type": "panel",
            "width": 204.9250030517578
          },
          {
            "active": 0,
            "children": [
              "hierarchy"
            ],
            "height": 708.2000122070312,
            "type": "panel",
            "width": 204.9250030517578
          },
          {
            "children": [
              {
                "children": [
                  {
                    "active": 0,
                    "children": [
                      "scene"
                    ],
                    "height": 438.7375183105469,
                    "type": "panel",
                    "width": 356.75
                  },
                  {
                    "active": 0,
                    "children": [
                      "node-library"
                    ],
                    "height": 438.7375183105469,
                    "type": "panel",
                    "width": 264
                  }
                ],
                "height": 438.7375183105469,
                "type": "dock-h",
                "width": 623.75
              },
              {
                "active": 0,
                "children": [
                  "console",
                  "timeline",
                  "game-window"
                ],
                "height": 266.45001220703125,
                "type": "panel",
                "width": 623.75
              }
            ],
            "height": 708.2000122070312,
            "type": "dock-v",
            "width": 623.75
          },
          {
            "active": 0,
            "children": [
              "inspector",
              "cocos-services"
            ],
            "height": 708.2000122070312,
            "type": "panel",
            "width": 479.8125
          }
        ],
        "type": "dock-h"
      },
      "panels": [
        "assets",
        "hierarchy",
        "scene",
        "node-library",
        "console",
        "timeline",
        "game-window",
        "inspector",
        "cocos-services"
      ]
    }
  },
  "panels": {
    "preferences": {
      "x": 476,
      "y": 128,
      "width": 604,
      "height": 568
    },
    "builder": {
      "x": 484,
      "y": 0,
      "width": 548,
      "height": 792
    },
    "sprite-editor": {
      "x": -8,
      "y": -8,
      "width": 1552,
      "height": 840
    },
    "project-settings": {
      "x": 476,
      "y": 128,
      "width": 604,
      "height": 568
    },
    "node-library": {
      "x": 1129,
      "y": 199,
      "width": 317,
      "height": 521
    },
    "cloud-function": {
      "x": -8,
      "y": -8,
      "width": 1552,
      "height": 840
    },
    "cocos-services": {
      "x": 592,
      "y": 48,
      "width": 320,
      "height": 596
    },
    "cocos-services-browser": {
      "x": 416,
      "y": 168,
      "width": 787,
      "height": 544
    },
    "console": {
      "x": -8,
      "y": -8,
      "width": 1552,
      "height": 840
    },
    "assets": {
      "x": 361,
      "y": 206,
      "width": 249,
      "height": 478
    }
  },
  "panelLabelWidth": {
    "inspector": "35.6757%",
    "preferences": null,
    "builder": null,
    "project-settings": null
  }
}
