[1,["ecpdLyjvZBwrvm+cedCcQy","8c20Sso/ZEn7NUfNSM+EBh","fbsJ/ZQkZBCZSCLklhysUR","28OgpD2n1Cc6r6X2eHJkV1","e2NM+V5xhGdLy+015/5nRQ"],["node","_spriteFrame","root","target","Canvas","Email_Title","data","_parent","Email_Information","_textureSetter"],[["cc.Node",["_name","_prefab","_contentSize","_components","_children","_parent","_trs","_anchorPoint"],2,4,5,9,2,1,7,5],["cc.Widget",["_alignFlags","_left","_top","_verticalCenter","_bottom","_right","_originalWidth","_originalHeight","node"],-5,1],["cc.PrefabInfo",["fileId","root"],2,1],["cc.Label",["_string","_fontSize","_N$overflow","_lineHeight","node","_materials"],-1,1,3],"cc.SpriteFrame",["cc.Prefab",["_name"],2],["cc.Node",["_name","_parent","_components","_prefab","_contentSize","_anchorPoint","_trs"],2,1,12,4,5,5,7],["cc.Sprite",["_sizeMode","node","_materials","_spriteFrame"],2,1,3,6],["cc.Button",["node","clickEvents"],3,1,9],["cc.ClickEvent",["_componentId","handler","target"],1,1],["1c8bc2GdkJAwamUQNO6/X0g",["node","Email_Title","Canvas","Email_Information"],3,1,1,1,6]],[[2,0,1,2],[7,0,1,2,3,2],[5,0,2],[0,0,4,3,1,2,2],[0,0,5,3,1,2,6,2],[0,0,3,1,2,7,2],[0,0,5,4,1,2,7,6,2],[6,0,1,2,3,4,5,6,2],[8,0,1,1],[9,0,1,2,3],[10,0,1,2,3,1],[2,1,1],[1,0,1,2,3,8,5],[1,0,1,5,2,4,3,6,7,8,9],[1,0,1,4,8,4],[3,0,1,2,4,5,4],[3,0,1,3,4,5,4]],[[[[2,"Email"],[3,"Email",[-8,-9,-10],[[1,0,-2,[4],5],[8,-4,[[9,"1c8bc2GdkJAwamUQNO6/X0g","Open_Email",-3]]],[10,-7,-6,-5,6]],[11,-1],[5,1000,185]],[7,"Email_Title",1,[[-11,[12,9,85,15,56.765,-12]],1,4],[0,"80H8jZ//JPt4UBSgkuD0Nl",1],[5,110,56.7],[0,0,0.5],[-415,49.15,0,0,0,0,1,1,1,1]],[4,"Email_Type",1,[[1,0,-13,[1],2],[13,34,607.986,110,74.5,74.5,-2.81,40,36,-14]],[0,"49vvsV1htLTqL9qQAlXSIL",1],[5,150,150],[315,-2.81,0,0,0,0,1,1,1,1]],[5,"Email_Content",[[15,"邮件内容\n",35,1,-15,[3]],[14,12,300,-45.2,-16]],[0,"682Gcv3SpHYa2Jrdx96bRe",1],[5,600,90.4],[0,0,0.5]],[16,"标题",55,45,2,[0]],[6,"Email_Label",1,[4],[0,"41GeEAKupPrZ3LPYXAWodO",1],[5,300,0],[0,1,0.5],[-406.081,-66.974,0,0,0,0,1,1,1,1]]],0,[0,2,1,0,0,1,0,3,1,0,0,1,0,4,1,0,5,5,0,0,1,0,-1,2,0,-2,3,0,-3,6,0,-1,5,0,0,2,0,0,3,0,0,3,0,0,4,0,0,4,0,6,1,4,7,6,16],[0,0,0,0,0,0,0],[-1,-1,1,-1,-1,1,8],[0,0,1,0,0,2,3]],[[{"name":"Email_Background","rect":[0,0,1000,185],"offset":[0,0],"originalSize":[1000,185],"capInsets":[0,0,0,0]}],[4],0,[0],[9],[4]]]]