{
  "9836134e-b892-4283-b6b2-78b5acf3ed45": {
    "asset": 1608128752493,
    "meta": 1611210684587,
    "relativePath": "effects"
  },
  "430eccbf-bf2c-4e6e-8c0c-884bbb487f32": {
    "asset": 1608128752491,
    "meta": 1611210684613,
    "relativePath": "effects\\__builtin-editor-gizmo-line.effect"
  },
  "6c5cf6e1-b044-4eac-9431-835644d57381": {
    "asset": 1608128752492,
    "meta": 1611210684623,
    "relativePath": "effects\\__builtin-editor-gizmo-unlit.effect"
  },
  "115286d1-2e10-49ee-aab4-341583f607e8": {
    "asset": 1608128752493,
    "meta": 1611210684650,
    "relativePath": "effects\\__builtin-editor-gizmo.effect"
  },
  "abc2cb62-7852-4525-a90d-d474487b88f2": {
    "asset": 1608128752488,
    "meta": 1611210684714,
    "relativePath": "effects\\builtin-phong.effect"
  },
  "e2f00085-c597-422d-9759-52c360279106": {
    "asset": 1608128752490,
    "meta": 1611210684764,
    "relativePath": "effects\\builtin-toon.effect"
  },
  "f8e6b000-5643-4b86-9080-aa680ce1f599": {
    "asset": 1608128752515,
    "meta": 1611210684765,
    "relativePath": "image"
  },
  "71561142-4c83-4933-afca-cb7a17f67053": {
    "asset": 1608128752496,
    "meta": 1611210684804,
    "relativePath": "image\\default_btn_disabled.png"
  },
  "e851e89b-faa2-4484-bea6-5c01dd9f06e2": {
    "asset": 1608128752497,
    "meta": 1611210684803,
    "relativePath": "image\\default_btn_normal.png"
  },
  "b43ff3c2-02bb-4874-81f7-f2dea6970f18": {
    "asset": 1608128752498,
    "meta": 1611210684824,
    "relativePath": "image\\default_btn_pressed.png"
  },
  "edd215b9-2796-4a05-aaf5-81f96c9281ce": {
    "asset": 1608128752499,
    "meta": 1611210684825,
    "relativePath": "image\\default_editbox_bg.png"
  },
  "99170b0b-d210-46f1-b213-7d9e3f23098a": {
    "asset": 1608128752502,
    "meta": 1611210684843,
    "relativePath": "image\\default_progressbar_bg.png"
  },
  "d81ec8ad-247c-4e62-aa3c-d35c4193c7af": {
    "asset": 1608128752500,
    "meta": 1611210684845,
    "relativePath": "image\\default_panel.png"
  },
  "cfef78f1-c8df-49b7-8ed0-4c953ace2621": {
    "asset": 1608128752501,
    "meta": 1611210684863,
    "relativePath": "image\\default_progressbar.png"
  },
  "567dcd80-8bf4-4535-8a5a-313f1caf078a": {
    "asset": 1608128752503,
    "meta": 1611210684865,
    "relativePath": "image\\default_radio_button_off.png"
  },
  "4bab67cb-18e6-4099-b840-355f0473f890": {
    "asset": 1608128752506,
    "meta": 1611210684883,
    "relativePath": "image\\default_scrollbar_bg.png"
  },
  "9d60001f-b5f4-4726-a629-2659e3ded0b8": {
    "asset": 1608128752504,
    "meta": 1611210684882,
    "relativePath": "image\\default_radio_button_on.png"
  },
  "d6d3ca85-4681-47c1-b5dd-d036a9d39ea2": {
    "asset": 1608128752507,
    "meta": 1611210684900,
    "relativePath": "image\\default_scrollbar_vertical.png"
  },
  "617323dd-11f4-4dd3-8eec-0caf6b3b45b9": {
    "asset": 1608128752508,
    "meta": 1611210684902,
    "relativePath": "image\\default_scrollbar_vertical_bg.png"
  },
  "0275e94c-56a7-410f-bd1a-fc7483f7d14a": {
    "asset": 1608128752511,
    "meta": 1611210684914,
    "relativePath": "image\\default_sprite_splash.png"
  },
  "0291c134-b3da-4098-b7b5-e397edbe947f": {
    "asset": 1608128752505,
    "meta": 1611210684915,
    "relativePath": "image\\default_scrollbar.png"
  },
  "73a0903d-d80e-4e3c-aa67-f999543c08f5": {
    "asset": 1608128752512,
    "meta": 1611210684931,
    "relativePath": "image\\default_toggle_checkmark.png"
  },
  "6e056173-d285-473c-b206-40a7fff5386e": {
    "asset": 1608128752509,
    "meta": 1611210684932,
    "relativePath": "image\\default_sprite.png"
  },
  "d29077ba-1627-4a72-9579-7b56a235340c": {
    "asset": 1608128752514,
    "meta": 1611210684948,
    "relativePath": "image\\default_toggle_normal.png"
  },
  "c25b9d50-c8fc-4d27-beeb-6e7c1f2e5c0f": {
    "asset": 1608128752513,
    "meta": 1611210684946,
    "relativePath": "image\\default_toggle_disabled.png"
  },
  "b181c1e4-0a72-4a91-bfb0-ae6f36ca60bd": {
    "asset": 1608128752515,
    "meta": 1611210684959,
    "relativePath": "image\\default_toggle_pressed.png"
  },
  "5c3eedba-6c41-4c0c-9ba7-d91f813cbd1c": {
    "asset": 1608128752517,
    "meta": 1611210684961,
    "relativePath": "materials"
  },
  "600301aa-3357-4a10-b086-84f011fa32ba": {
    "asset": 1608128752494,
    "meta": 1611210684970,
    "relativePath": "image\\default-particle.png"
  },
  "fc09f9bd-2cce-4605-b630-8145ef809ed6": {
    "asset": 1608128752520,
    "meta": 1611210684967,
    "relativePath": "misc"
  },
  "c4480a0a-6ac5-443f-8b40-361a14257fc8": {
    "asset": 1608128752516,
    "meta": 1611210685392,
    "relativePath": "materials\\builtin-phong.mtl"
  },
  "db019bf7-f71c-4111-98cf-918ea180cb48": {
    "asset": 1608128752533,
    "meta": 1611210684971,
    "relativePath": "model"
  },
  "e39e96e6-6f6e-413f-bcf1-ac7679bb648a": {
    "asset": 1608128752531,
    "meta": 1611210684972,
    "relativePath": "model\\prefab"
  },
  "a87cc147-01b2-43f8-8e42-a7ca90b0c757": {
    "asset": 1608135192849,
    "meta": 1611210684976,
    "relativePath": "model\\prefab\\box.prefab"
  },
  "fe1417b6-fe6b-46a4-ae7c-9fd331f33a2a": {
    "asset": 1608135192853,
    "meta": 1611210684979,
    "relativePath": "model\\prefab\\capsule.prefab"
  },
  "b5fc2cf2-7942-483d-be1f-bbeadc4714ad": {
    "asset": 1608135192856,
    "meta": 1611210684983,
    "relativePath": "model\\prefab\\cone.prefab"
  },
  "2be36297-9abb-4fee-8049-9ed5e271da8a": {
    "asset": 1608128752520,
    "meta": 1611210684980,
    "relativePath": "misc\\default_video.mp4"
  },
  "1c5e4038-953a-44c2-b620-0bbfc6170477": {
    "asset": 1608135192861,
    "meta": 1611210684984,
    "relativePath": "model\\prefab\\cylinder.prefab"
  },
  "3f376125-a699-40ca-ad05-04d662eaa1f2": {
    "asset": 1608135192864,
    "meta": 1611210684987,
    "relativePath": "model\\prefab\\plane.prefab"
  },
  "6c9ef10d-b479-420b-bfe6-39cdda6a8ae0": {
    "asset": 1608135192867,
    "meta": 1611210684988,
    "relativePath": "model\\prefab\\quad.prefab"
  },
  "2d9a4b85-b0ab-4c46-84c5-18f393ab2058": {
    "asset": 1608135192871,
    "meta": 1611210684993,
    "relativePath": "model\\prefab\\sphere.prefab"
  },
  "de510076-056b-484f-b94c-83bef217d0e1": {
    "asset": 1608135192886,
    "meta": 1611210685000,
    "relativePath": "model\\prefab\\torus.prefab"
  },
  "f6e6dd15-71d1-4ffe-ace7-24fd39942c05": {
    "asset": 1608128752536,
    "meta": 1611210685001,
    "relativePath": "obsolete"
  },
  "8a96b965-2dc0-4e03-aa90-3b79cb93b5b4": {
    "asset": 1608128752536,
    "meta": 1611210685022,
    "relativePath": "obsolete\\atom.png"
  },
  "f743d2b6-b7ea-4c14-a55b-547ed4d0a045": {
    "asset": 1608128752539,
    "meta": 1611210685023,
    "relativePath": "particle"
  },
  "b2687ac4-099e-403c-a192-ff477686f4f5": {
    "asset": 1608128752537,
    "meta": 1611210685417,
    "relativePath": "particle\\atom.plist"
  },
  "d0a82d39-bede-46c4-b698-c81ff0dedfff": {
    "asset": 1608128752538,
    "meta": 1611210685038,
    "relativePath": "particle\\atom.png"
  },
  "ae6c6c98-11e4-452f-8758-75f5c6a56e83": {
    "asset": 1608128752572,
    "meta": 1611210685040,
    "relativePath": "prefab"
  },
  "897ef7a1-4860-4f64-968d-f5924b18668a": {
    "asset": 1608135192936,
    "meta": 1611210685042,
    "relativePath": "prefab\\2d-camera.prefab"
  },
  "70d7cdb0-04cd-41bb-9480-c06a4785f386": {
    "asset": 1608135192940,
    "meta": 1611210685044,
    "relativePath": "prefab\\3d-camera.prefab"
  },
  "70bbeb73-6dc2-4ee4-8faf-76b3a0e34ec4": {
    "asset": 1608135192945,
    "meta": 1611210685047,
    "relativePath": "prefab\\3d-particle.prefab"
  },
  "b8223619-7e38-47c4-841f-9160c232495a": {
    "asset": 1608128752535,
    "meta": 1611210685415,
    "relativePath": "obsolete\\atom.plist"
  },
  "ed88f13d-fcad-4848-aa35-65a2cb973584": {
    "asset": 1608135192950,
    "meta": 1611210685050,
    "relativePath": "prefab\\3d-stage.prefab"
  },
  "972b9a4d-47ee-4c74-b5c3-61d8a69bc29f": {
    "asset": 1608135192954,
    "meta": 1611210685053,
    "relativePath": "prefab\\button.prefab"
  },
  "2c937608-2562-40ea-b264-7395df6f0cea": {
    "asset": 1608135192959,
    "meta": 1611210685054,
    "relativePath": "prefab\\canvas.prefab"
  },
  "61aeb05b-3b32-452b-8eed-2b76deeed554": {
    "asset": 1608135192963,
    "meta": 1611210685056,
    "relativePath": "prefab\\editbox.prefab"
  },
  "27756ebb-3d33-44b0-9b96-e858fadd4dd4": {
    "asset": 1608135192967,
    "meta": 1611210685059,
    "relativePath": "prefab\\label.prefab"
  },
  "785a442c-3ceb-45be-a46e-7317f625f3b9": {
    "asset": 1608135192971,
    "meta": 1611210685061,
    "relativePath": "prefab\\layout.prefab"
  },
  "a3ee0214-b432-4865-9666-4a3211814282": {
    "asset": 1608128752554,
    "meta": 1611210685062,
    "relativePath": "prefab\\light"
  },
  "61906da3-7003-4bda-9abc-5769c76faee4": {
    "asset": 1608135192976,
    "meta": 1611210685063,
    "relativePath": "prefab\\light\\ambient.prefab"
  },
  "ddb99b39-7004-47cd-9705-751905c43c46": {
    "asset": 1608135192979,
    "meta": 1611210685065,
    "relativePath": "prefab\\light\\directional.prefab"
  },
  "954fec8b-cd16-4bb9-a3b7-7719660e7558": {
    "asset": 1608128752533,
    "meta": 1611210687076,
    "relativePath": "model\\primitives.fbx"
  },
  "0cf30284-9073-46bc-9eba-e62b69dbbff3": {
    "asset": 1608135192983,
    "meta": 1611210685068,
    "relativePath": "prefab\\light\\point.prefab"
  },
  "f5331fd2-bf42-4ee3-a3fd-3e1657600eff": {
    "asset": 1608135192986,
    "meta": 1611210685070,
    "relativePath": "prefab\\light\\spot.prefab"
  },
  "cd33edea-55f5-46c2-958d-357a01384a36": {
    "asset": 1608135192994,
    "meta": 1611210685074,
    "relativePath": "prefab\\particlesystem.prefab"
  },
  "5965ffac-69da-4b55-bcde-9225d0613c28": {
    "asset": 1608135192997,
    "meta": 1611210685076,
    "relativePath": "prefab\\progressBar.prefab"
  },
  "ca8401fe-ad6e-41a8-bd46-8e3e4e9945be": {
    "asset": 1608135192990,
    "meta": 1611210685072,
    "relativePath": "prefab\\pageview.prefab"
  },
  "4a37dd57-78cd-4cec-aad4-f11a73d12b63": {
    "asset": 1608135193001,
    "meta": 1611210685084,
    "relativePath": "prefab\\richtext.prefab"
  },
  "32044bd2-481f-4cf1-a656-e2b2fb1594eb": {
    "asset": 1608135193005,
    "meta": 1611210685086,
    "relativePath": "prefab\\scrollview.prefab"
  },
  "0004d1cf-a0ad-47d8-ab17-34d3db9d35a3": {
    "asset": 1608135193008,
    "meta": 1611210685089,
    "relativePath": "prefab\\slider.prefab"
  },
  "1f55e3be-b89b-4b79-88de-47fd31018044": {
    "asset": 1608135193011,
    "meta": 1611210685091,
    "relativePath": "prefab\\sprite_splash.prefab"
  },
  "96083d03-c332-4a3f-9386-d03e2d19e8ee": {
    "asset": 1608135193014,
    "meta": 1611210685100,
    "relativePath": "prefab\\sprite.prefab"
  },
  "7de03a80-4457-438d-95a7-3e7cdffd6086": {
    "asset": 1608135193017,
    "meta": 1611210685112,
    "relativePath": "prefab\\tiledmap.prefab"
  },
  "0d784963-d024-4ea6-a7db-03be0ad63010": {
    "asset": 1608135193023,
    "meta": 1611210685124,
    "relativePath": "prefab\\toggle.prefab"
  },
  "0e42ba95-1fa1-46aa-b2cf-143cd1bcee2c": {
    "asset": 1608135193020,
    "meta": 1611210685116,
    "relativePath": "prefab\\tiledtile.prefab"
  },
  "bf0a434c-84dd-4a8e-a08a-7a36f180cc75": {
    "asset": 1608135193033,
    "meta": 1611210685142,
    "relativePath": "prefab\\toggleContainer.prefab"
  },
  "d1b8be49-b0a0-435c-83b7-552bed4bbe35": {
    "asset": 1608135193037,
    "meta": 1611210685149,
    "relativePath": "prefab\\toggleGroup.prefab"
  },
  "232d2782-c4bd-4bb4-9e01-909f03d6d3b9": {
    "asset": 1608135193041,
    "meta": 1611210685153,
    "relativePath": "prefab\\videoplayer.prefab"
  },
  "d8afc78c-4eac-4a9f-83dd-67bc70344d33": {
    "asset": 1608128752587,
    "meta": 1611210685159,
    "relativePath": "resources"
  },
  "294c1663-4adf-4a1e-a795-53808011a38a": {
    "asset": 1608128752587,
    "meta": 1611210685160,
    "relativePath": "resources\\effects"
  },
  "8c5001fd-07ee-4a4b-a8a0-63e15195e94d": {
    "asset": 1608135193044,
    "meta": 1611210685229,
    "relativePath": "prefab\\webview.prefab"
  },
  "30682f87-9f0d-4f17-8a44-72863791461b": {
    "asset": 1608128752576,
    "meta": 1611210685173,
    "relativePath": "resources\\effects\\builtin-2d-graphics.effect"
  },
  "144c3297-af63-49e8-b8ef-1cfa29b3be28": {
    "asset": 1608128752577,
    "meta": 1611210685185,
    "relativePath": "resources\\effects\\builtin-2d-gray-sprite.effect"
  },
  "f18742d7-56d2-4eb5-ae49-2d9d710b37c8": {
    "asset": 1608128752578,
    "meta": 1611210685200,
    "relativePath": "resources\\effects\\builtin-2d-label.effect"
  },
  "0e93aeaa-0b53-4e40-b8e0-6268b4e07bd7": {
    "asset": 1608128752580,
    "meta": 1611210685213,
    "relativePath": "resources\\effects\\builtin-2d-spine.effect"
  },
  "2874f8dd-416c-4440-81b7-555975426e93": {
    "asset": 1608128752580,
    "meta": 1611210685227,
    "relativePath": "resources\\effects\\builtin-2d-sprite.effect"
  },
  "829a282c-b049-4019-bd38-5ace8d8a6417": {
    "asset": 1608128752581,
    "meta": 1611210685310,
    "relativePath": "resources\\effects\\builtin-3d-particle.effect"
  },
  "2a7c0036-e0b3-4fe1-8998-89a54b8a2bec": {
    "asset": 1608128752583,
    "meta": 1611210685328,
    "relativePath": "resources\\effects\\builtin-3d-trail.effect"
  },
  "c0040c95-c57f-49cd-9cbc-12316b73d0d4": {
    "asset": 1608128752584,
    "meta": 1611210685335,
    "relativePath": "resources\\effects\\builtin-clear-stencil.effect"
  },
  "6d91e591-4ce0-465c-809f-610ec95019c6": {
    "asset": 1608128752586,
    "meta": 1611210685348,
    "relativePath": "resources\\effects\\builtin-unlit.effect"
  },
  "bbee2217-c261-49bd-a8ce-708d6bcc3500": {
    "asset": 1608128752600,
    "meta": 1611210685349,
    "relativePath": "resources\\materials"
  },
  "6f801092-0c37-4f30-89ef-c8d960825b36": {
    "asset": 1608128752588,
    "meta": 1611210685470,
    "relativePath": "resources\\materials\\builtin-2d-base.mtl"
  },
  "a153945d-2511-4c14-be7b-05d242f47d57": {
    "asset": 1608128752590,
    "meta": 1611210685471,
    "relativePath": "resources\\materials\\builtin-2d-graphics.mtl"
  },
  "3a7bb79f-32fd-422e-ada2-96f518fed422": {
    "asset": 1608128752591,
    "meta": 1611210685473,
    "relativePath": "resources\\materials\\builtin-2d-gray-sprite.mtl"
  },
  "e02d87d4-e599-4d16-8001-e14891ac6506": {
    "asset": 1608128752592,
    "meta": 1611210685474,
    "relativePath": "resources\\materials\\builtin-2d-label.mtl"
  },
  "7afd064b-113f-480e-b793-8817d19f63c3": {
    "asset": 1608128752594,
    "meta": 1611210685476,
    "relativePath": "resources\\materials\\builtin-2d-spine.mtl"
  },
  "eca5d2f2-8ef6-41c2-bbe6-f9c79d09c432": {
    "asset": 1608128752595,
    "meta": 1611210685480,
    "relativePath": "resources\\materials\\builtin-2d-sprite.mtl"
  },
  "432fa09c-cf03-4cff-a186-982604408a07": {
    "asset": 1608128752596,
    "meta": 1611210685482,
    "relativePath": "resources\\materials\\builtin-3d-particle.mtl"
  },
  "466d4f9b-e5f4-4ea8-85d5-3c6e9a65658a": {
    "asset": 1608128752597,
    "meta": 1611210685483,
    "relativePath": "resources\\materials\\builtin-3d-trail.mtl"
  },
  "cf7e0bb8-a81c-44a9-ad79-d28d43991032": {
    "asset": 1608128752599,
    "meta": 1611210685484,
    "relativePath": "resources\\materials\\builtin-clear-stencil.mtl"
  },
  "2a296057-247c-4a1c-bbeb-0548b6c98650": {
    "asset": 1608128752600,
    "meta": 1611210685485,
    "relativePath": "resources\\materials\\builtin-unlit.mtl"
  },
  "e258f221-36ef-47f0-b2ae-2b4fa815d0fd": {
    "asset": 1611156358070,
    "meta": 1611156436879,
    "relativePath": "cloud"
  },
  "f9929252-0188-4a47-b0b7-e1d3fa7a2047": {
    "asset": 1608901370789,
    "meta": 1611156436931,
    "relativePath": "cloud\\cloud.js"
  },
  "173dd20e-f549-47ca-9ef7-0e95bc3e3c7e": {
    "asset": 1611156358076,
    "meta": 1611156436933,
    "relativePath": "cloud\\tcbjs"
  },
  "780a67be-4c12-4db6-b473-9c47c537ec78": {
    "asset": 1608901370790,
    "meta": 1611156436935,
    "relativePath": "cloud\\cloudConfig.js"
  },
  "4f5d8555-279d-4d85-8a41-ba8860933ebd": {
    "asset": 1608901370793,
    "meta": 1611156436936,
    "relativePath": "cloud\\tcbjs\\adapter.js"
  },
  "cf114de9-3e18-4abc-80b5-1c68a0a5e047": {
    "asset": 1611156446109,
    "meta": 1611156449380,
    "relativePath": "Image"
  },
  "5067a67a-daf6-4ad8-8d54-a6b30b6c475f": {
    "asset": 1611156358232,
    "meta": 1611156449388,
    "relativePath": "resources"
  },
  "c74b0419-34f8-4f45-a6ec-dfd70e827b55": {
    "asset": 1611156358098,
    "meta": 1611156449390,
    "relativePath": "resources\\audio"
  },
  "87caa39a-82be-4ce7-b7d6-542258737053": {
    "asset": 1608901370793,
    "meta": 1611156449408,
    "relativePath": "cloud\\tcbjs\\tcbjs.js"
  },
  "4e11fb33-7a6c-40ef-b5f5-85e3873abdd4": {
    "asset": 1610454323780,
    "meta": 1611156449769,
    "relativePath": "resources\\audio\\sfx_coins.mp3"
  },
  "85c8b409-ed5f-4970-9c8b-aca81ac260c0": {
    "asset": 1610454324127,
    "meta": 1611156449771,
    "relativePath": "resources\\audio\\sfx_die.mp3"
  },
  "c4268e41-e56c-4712-ae1e-d3816beb1c04": {
    "asset": 1611156358106,
    "meta": 1611156449772,
    "relativePath": "resources\\BITMAP"
  },
  "7ed8df28-7348-41e1-8c87-34765a5d13af": {
    "asset": 1608803766808,
    "meta": 1611156450909,
    "relativePath": "resources\\BITMAP\\mikado_outline_shadow.fnt"
  },
  "52c17be1-9bfa-4c29-81c0-aa8e7d06c193": {
    "asset": 1610454324516,
    "meta": 1611156449776,
    "relativePath": "resources\\audio\\sfx_wing.mp3"
  },
  "db01b06a-219e-46bc-a695-81dbadf8ac29": {
    "asset": 1611156358141,
    "meta": 1611156449777,
    "relativePath": "resources\\Image"
  },
  "14d73aac-5972-4b42-a42d-6bd504c8f08c": {
    "asset": 1611053291539,
    "meta": 1611156449792,
    "relativePath": "resources\\Image\\Administrator_Background.png"
  },
  "9322a67e-d2df-4d99-85d0-ae4f2d86ae78": {
    "asset": 1608803766830,
    "meta": 1611156449799,
    "relativePath": "resources\\BITMAP\\mikado_outline_shadow.png"
  },
  "91414625-d9f2-4b23-aed5-00a89ae184d6": {
    "asset": 1610709149472,
    "meta": 1611156449815,
    "relativePath": "resources\\Image\\Delete_Read.png"
  },
  "819e05da-78fa-4f83-94fc-8e95b8d8f192": {
    "asset": 1610854542606,
    "meta": 1611156449828,
    "relativePath": "resources\\Image\\Awards_Background.png"
  },
  "e234cf95-e718-4674-bcbe-d35e7fe67450": {
    "asset": 1610715064153,
    "meta": 1611156449829,
    "relativePath": "resources\\Image\\Email_Background.png"
  },
  "0a3d4a76-28de-48aa-8b6f-cf41b3d4493c": {
    "asset": 1610715052838,
    "meta": 1611156449839,
    "relativePath": "resources\\Image\\Email_Read_Background.png"
  },
  "aa7ac85f-5db9-480e-8432-0092d7b256ea": {
    "asset": 1610855527745,
    "meta": 1611156449840,
    "relativePath": "resources\\Image\\Input_Background.png"
  },
  "64cf8781-9ab1-45d5-bdac-a76a5018295d": {
    "asset": 1611129348904,
    "meta": 1611156449854,
    "relativePath": "resources\\Image\\Map_Dusk.jpg"
  },
  "a05b5611-4bdb-4ca3-b2af-54de0a9028d1": {
    "asset": 1609239581513,
    "meta": 1611156449855,
    "relativePath": "resources\\Image\\Rank_Background.png"
  },
  "a8be037c-ed38-46a7-88b7-4c078403e17a": {
    "asset": 1610709143835,
    "meta": 1611156449863,
    "relativePath": "resources\\Image\\Read_All.png"
  },
  "25a34ac2-bdb6-470e-9ba2-09a1d70a77b2": {
    "asset": 1609241597898,
    "meta": 1611156449864,
    "relativePath": "resources\\Image\\Unuse_Button_Background.png"
  },
  "a2a49727-4da8-47ec-9442-d0263fcd97c6": {
    "asset": 1609241662264,
    "meta": 1611156449874,
    "relativePath": "resources\\Image\\Use_Button_Background.png"
  },
  "9ff2c2a4-e128-4e47-b1c7-a8aa8f6f97af": {
    "asset": 1611156358226,
    "meta": 1611156449874,
    "relativePath": "resources\\Prefab"
  },
  "b4b298ad-1b61-4b90-9b2d-8591587bdbda": {
    "asset": 1609239994138,
    "meta": 1611156449877,
    "relativePath": "resources\\Image\\User_Background.png"
  },
  "e30b02d1-0438-4513-a1d5-5c3c375d579a": {
    "asset": 1611136113572,
    "meta": 1611156449879,
    "relativePath": "resources\\Prefab\\Accept_Box.prefab"
  },
  "7407e10e-eef3-4411-b204-e1c7c67055bd": {
    "asset": 1610858662423,
    "meta": 1611156449881,
    "relativePath": "resources\\Prefab\\Already_Accepted_Box.prefab"
  },
  "c99e9774-b5c9-43cc-80c3-bd5e0c65a572": {
    "asset": 1610992058729,
    "meta": 1611156449884,
    "relativePath": "resources\\Prefab\\Account_Label.prefab"
  },
  "99883984-fd6b-4ac3-a568-a7c61be9dafc": {
    "asset": 1610858508398,
    "meta": 1611156449886,
    "relativePath": "resources\\Prefab\\Awards_Fail.prefab"
  },
  "4d294699-f91e-4257-883e-bb9cf1223dee": {
    "asset": 1611121061075,
    "meta": 1611156449888,
    "relativePath": "resources\\Prefab\\Appeal.prefab"
  },
  "505d6d32-8098-440d-9ce8-cbe5a29a1d8d": {
    "asset": 1610858521052,
    "meta": 1611156449890,
    "relativePath": "resources\\Prefab\\Awards_Sucess.prefab"
  },
  "89deb82b-f1f5-4a09-9dde-fefab26ce3d9": {
    "asset": 1609605406012,
    "meta": 1611156449892,
    "relativePath": "resources\\Prefab\\Buy_Character.prefab"
  },
  "751a22cb-d8f1-4928-9d45-9321241164a8": {
    "asset": 1610454310816,
    "meta": 1611156449895,
    "relativePath": "resources\\Prefab\\Buy_Character_Background.prefab"
  },
  "3cbabbeb-c876-40bb-8568-cbe10f29783f": {
    "asset": 1609061752809,
    "meta": 1611156449897,
    "relativePath": "resources\\Prefab\\BuyCharacter.prefab"
  },
  "31e2440f-588a-4046-bc7e-76371d8a5f44": {
    "asset": 1609055050172,
    "meta": 1611156449900,
    "relativePath": "resources\\Prefab\\Character.prefab"
  },
  "75a84cc8-2275-4001-9597-815419a72cc3": {
    "asset": 1611132518383,
    "meta": 1611156449902,
    "relativePath": "resources\\Prefab\\Closure_Box.prefab"
  },
  "283a0a43-da7d-4273-aafa-5f6787264575": {
    "asset": 1610971503491,
    "meta": 1611156449905,
    "relativePath": "resources\\Prefab\\Email_Information.prefab"
  },
  "cf14116b-2f33-437f-aa21-60e384a4fdb0": {
    "asset": 1611028624832,
    "meta": 1611156449908,
    "relativePath": "resources\\Prefab\\Email_Read.prefab"
  },
  "402f1d0c-59d5-4c02-b325-94b80895ba21": {
    "asset": 1611026812069,
    "meta": 1611156449910,
    "relativePath": "resources\\Prefab\\Email.prefab"
  },
  "2ff33275-e702-4d09-b01e-4373ee776429": {
    "asset": 1610618320441,
    "meta": 1611156449911,
    "relativePath": "resources\\Prefab\\Fall_Gold.prefab"
  },
  "6cc61fb1-b6cb-410c-970f-0ced3fb32a03": {
    "asset": 1608979675723,
    "meta": 1611156449914,
    "relativePath": "resources\\Prefab\\Game_Gold_Show.prefab"
  },
  "e47f7c2a-0dc4-4c97-b73b-752296874a50": {
    "asset": 1609635230083,
    "meta": 1611156449917,
    "relativePath": "resources\\Prefab\\Have_Character.prefab"
  },
  "291a172b-1041-4822-98a2-f0ddcaad4f09": {
    "asset": 1611156358229,
    "meta": 1611156449917,
    "relativePath": "resources\\Prefab\\menubar"
  },
  "c01b2681-c652-459a-b7a9-968d3867d548": {
    "asset": 1610456015674,
    "meta": 1611156449921,
    "relativePath": "resources\\Prefab\\Have_Character_Information.prefab"
  },
  "436aecf4-8fcf-4cbb-af03-b10a801db8d6": {
    "asset": 1609155489151,
    "meta": 1611156449922,
    "relativePath": "resources\\Prefab\\menubar\\menu bar.prefab"
  },
  "e843228f-9c62-4cab-8bb4-9d4c44caa2f5": {
    "asset": 1610796503391,
    "meta": 1611156449924,
    "relativePath": "resources\\Prefab\\No_Read_Number.prefab"
  },
  "c1af1ce2-f2dc-4e10-afc1-0970fa3a3242": {
    "asset": 1610858592564,
    "meta": 1611156449926,
    "relativePath": "resources\\Prefab\\No_Awards_Box.prefab"
  },
  "2200cc7a-258f-48b9-81ff-324df1ac454c": {
    "asset": 1608992227423,
    "meta": 1611156449929,
    "relativePath": "resources\\Prefab\\People.prefab"
  },
  "37c9d1a3-dca3-4448-ad16-68754315cc6d": {
    "asset": 1609577825332,
    "meta": 1611156449931,
    "relativePath": "resources\\Prefab\\Reminder_Box.prefab"
  },
  "1555f307-edd9-4d4a-b367-5949ff4de831": {
    "asset": 1610805997602,
    "meta": 1611156449934,
    "relativePath": "resources\\Prefab\\Report_Information_Label.prefab"
  },
  "ef02f678-8fc6-4f47-a945-1b1146fdf11e": {
    "asset": 1610869677995,
    "meta": 1611156449936,
    "relativePath": "resources\\Prefab\\ReportAlert.prefab"
  },
  "3392a02e-5070-456a-98d1-e9d481bd520c": {
    "asset": 1611149890606,
    "meta": 1611156449939,
    "relativePath": "resources\\Prefab\\Tip.prefab"
  },
  "37b5bb00-71f0-4245-a26c-dcaa45fd4c59": {
    "asset": 1611149689392,
    "meta": 1611156449941,
    "relativePath": "resources\\Prefab\\Show_Base_Resource.prefab"
  },
  "57a22b32-f6b6-4bf5-a3ad-cd55ebee110f": {
    "asset": 1611123732982,
    "meta": 1611156449943,
    "relativePath": "resources\\Prefab\\User_Label.prefab"
  },
  "929c95d1-ca05-458e-b2bc-0a188c0ca9a5": {
    "asset": 1608812761288,
    "meta": 1611156449944,
    "relativePath": "resources\\Prefab\\Waterpipe_Down.prefab"
  },
  "f5915a3a-6280-454c-80c1-cd15798549a1": {
    "asset": 1611156358426,
    "meta": 1611156449945,
    "relativePath": "resources\\script"
  },
  "e4733517-3068-4ff1-af6e-ab12e7ef6b57": {
    "asset": 1611156358275,
    "meta": 1611156449946,
    "relativePath": "resources\\script\\Account_Management"
  },
  "5108e046-7525-4575-916b-346bde76bdd9": {
    "asset": 1611120907341,
    "meta": 1611156449992,
    "relativePath": "resources\\script\\Account_Management\\Appeal_Cancel.js"
  },
  "de10c25b-8e52-4f22-af2d-72cde1a924d0": {
    "asset": 1611125177337,
    "meta": 1611156450012,
    "relativePath": "resources\\script\\Account_Management\\Appeal_Confirm.js"
  },
  "56667e0e-4c9c-430b-a9db-57d5550eaf9a": {
    "asset": 1611123818035,
    "meta": 1611156450026,
    "relativePath": "resources\\script\\Account_Management\\Appeal_User.js"
  },
  "c247520d-d000-45b9-8dbb-537e144e7d4c": {
    "asset": 1610948771688,
    "meta": 1611156450038,
    "relativePath": "resources\\script\\Account_Management\\Cancel_Closure.js"
  },
  "3ff96fc4-e01b-47d6-89ce-83eb165410a2": {
    "asset": 1610946325271,
    "meta": 1611156450055,
    "relativePath": "resources\\script\\Account_Management\\Closure_Account.js"
  },
  "67906f35-41dc-4d64-baf3-808383c08f96": {
    "asset": 1608812197785,
    "meta": 1611156450056,
    "relativePath": "resources\\Prefab\\Waterpipe_Up.prefab"
  },
  "e02da355-9e15-478c-8611-fd19db630720": {
    "asset": 1610944763751,
    "meta": 1611156450068,
    "relativePath": "resources\\script\\Account_Management\\Handle_Reported_User.js"
  },
  "afec0af7-64d9-4664-bfa9-066e9b0a1bab": {
    "asset": 1610779349791,
    "meta": 1611156450086,
    "relativePath": "resources\\script\\Account_Management\\Loading_All_Reported_User.js"
  },
  "f1ea2d51-fe0b-4c05-be73-f2a9586b1dec": {
    "asset": 1610992015717,
    "meta": 1611156450110,
    "relativePath": "resources\\script\\Account_Management\\Loading_All_Users.js"
  },
  "cc8caed2-9ec3-4e34-846a-d1f0fe182ea6": {
    "asset": 1611126434039,
    "meta": 1611156450136,
    "relativePath": "resources\\script\\Account_Management\\Loading_Reported_Users .js"
  },
  "26265c39-23ca-47c9-90d0-2016e6ae175a": {
    "asset": 1611156358285,
    "meta": 1611156450137,
    "relativePath": "resources\\script\\Closure"
  },
  "5eeabb89-640d-469b-a372-aac675927e91": {
    "asset": 1610960457250,
    "meta": 1611156450147,
    "relativePath": "resources\\script\\Closure\\Closure_Tips.js"
  },
  "ef9d61ce-6145-471f-95bc-d8b96ea026d7": {
    "asset": 1611148782339,
    "meta": 1611156450156,
    "relativePath": "resources\\script\\Closure\\Tip_Close.js"
  },
  "92d678a1-0d29-482f-9147-577c71899b9d": {
    "asset": 1611148773137,
    "meta": 1611156450167,
    "relativePath": "resources\\script\\Closure\\Tip.js"
  },
  "c7f5fbc9-aa70-447b-8d1a-73ee54a62e73": {
    "asset": 1611156358306,
    "meta": 1611156450168,
    "relativePath": "resources\\script\\Email"
  },
  "be8647f9-96d7-4055-a231-533879bdebce": {
    "asset": 1611050824174,
    "meta": 1611156450186,
    "relativePath": "resources\\script\\Email\\Accept.js"
  },
  "2e806728-14c8-4ff4-9730-b198cd845895": {
    "asset": 1610862261660,
    "meta": 1611156450203,
    "relativePath": "resources\\script\\Email\\Awards.js"
  },
  "fbdae2d6-b0b9-4e7c-9b66-4a27334b7d17": {
    "asset": 1610791530449,
    "meta": 1611156450211,
    "relativePath": "resources\\script\\Email\\Delete_Read.js"
  },
  "1c8bcd86-7642-40c1-a994-40d3bafd7d20": {
    "asset": 1610960378238,
    "meta": 1611156450230,
    "relativePath": "resources\\script\\Email\\Email_Information.js"
  },
  "f95f5dc1-e76d-4596-8e88-0ae76fb6ea66": {
    "asset": 1610871033700,
    "meta": 1611156450239,
    "relativePath": "resources\\script\\Email\\Email_Waring.js"
  },
  "bd1128a0-5a9d-48ee-92c8-55c75e6b3c2c": {
    "asset": 1611026918187,
    "meta": 1611156450263,
    "relativePath": "resources\\script\\Email\\Loading_Email.js"
  },
  "bc8dd79e-a63b-4582-a022-9da55b47e3d7": {
    "asset": 1610715916865,
    "meta": 1611156450274,
    "relativePath": "resources\\script\\Email\\Read_All.js"
  },
  "fb72b076-ea4a-4c5d-8c5a-2ed91d6d55a9": {
    "asset": 1611156358311,
    "meta": 1611156450275,
    "relativePath": "resources\\script\\Friends"
  },
  "1cdc5712-8326-4ecc-aa39-0b57549133dd": {
    "asset": 1610988089712,
    "meta": 1611156450292,
    "relativePath": "resources\\script\\Friends\\Show_Friends.js"
  },
  "03ca06b7-a438-4072-95a0-b8060e4d9449": {
    "asset": 1611156358327,
    "meta": 1611156450293,
    "relativePath": "resources\\script\\Game_Coming"
  },
  "a5d133a6-3ffb-4325-b408-b6b32b708ecf": {
    "asset": 1610624691868,
    "meta": 1611156450310,
    "relativePath": "resources\\script\\Game_Coming\\Bird_Action.js"
  },
  "1f13737c-c23b-487f-a4d4-32ff39abe9de": {
    "asset": 1610624698693,
    "meta": 1611156450330,
    "relativePath": "resources\\script\\Game_Coming\\Game.js"
  },
  "85f41324-c6d4-4025-baae-d98798de7add": {
    "asset": 1610619776793,
    "meta": 1611156450341,
    "relativePath": "resources\\script\\Game_Coming\\Gold_Action.js"
  },
  "8b8b24ff-219d-4501-a6e7-3690b819b3ca": {
    "asset": 1609589532977,
    "meta": 1611156450351,
    "relativePath": "resources\\script\\Game_Coming\\Gold_Show_Action.js"
  },
  "85c4f443-6769-4fe9-814b-aca74e0a7ce4": {
    "asset": 1609589555456,
    "meta": 1611156450362,
    "relativePath": "resources\\script\\Game_Coming\\Waterpipe_Action.js"
  },
  "a45dddbd-7bd1-4e82-9ce9-aff38030b160": {
    "asset": 1611156358334,
    "meta": 1611156450363,
    "relativePath": "resources\\script\\Game_Login"
  },
  "b181d6d0-6640-4bd7-ba89-787afb5a7733": {
    "asset": 1610958896213,
    "meta": 1611156450380,
    "relativePath": "resources\\script\\Game_Login\\NewScript.js"
  },
  "8743860e-460a-4c66-b636-ca3307f999da": {
    "asset": 1610958821966,
    "meta": 1611156450398,
    "relativePath": "resources\\script\\Game_Login\\WX_Login.js"
  },
  "abd0709f-ab58-4e32-b5b4-9f34be2eeac9": {
    "asset": 1611156358339,
    "meta": 1611156450400,
    "relativePath": "resources\\script\\Game_Over"
  },
  "a7b33afb-7173-4231-85cd-a16f1715ebfc": {
    "asset": 1609589446857,
    "meta": 1611156450409,
    "relativePath": "resources\\script\\Game_Over\\Grade_Show.js"
  },
  "f6ee62ec-fc6c-4b30-a51e-0e48dbb2d47a": {
    "asset": 1611156358351,
    "meta": 1611156450411,
    "relativePath": "resources\\script\\Game_Start"
  },
  "3313d5af-c676-4043-8863-01ea5673713e": {
    "asset": 1609589397838,
    "meta": 1611156450422,
    "relativePath": "resources\\script\\Game_Start\\Change_Difficult.js"
  },
  "73495da6-5d6a-4d21-b27e-071c6aadb5af": {
    "asset": 1611148998695,
    "meta": 1611156450435,
    "relativePath": "resources\\script\\Game_Start\\Change_Map.js"
  },
  "9bd7f1ca-586c-40a6-8175-9b342006f26b": {
    "asset": 1609636838434,
    "meta": 1611156450442,
    "relativePath": "resources\\script\\Game_Start\\Loading_Bird_Image.js"
  },
  "af79bf79-3556-4c63-b452-0f8dca19bb66": {
    "asset": 1610991832688,
    "meta": 1611156450450,
    "relativePath": "resources\\script\\Game_Start\\Loading_Game.js"
  },
  "40801bec-b1fe-4612-941b-13f691e49dc9": {
    "asset": 1611156358372,
    "meta": 1611156450451,
    "relativePath": "resources\\script\\Global_Function"
  },
  "aaa92692-8bf6-4a8d-bed7-f047fb7e73bd": {
    "asset": 1609650936989,
    "meta": 1611156450462,
    "relativePath": "resources\\script\\Global_Function\\Change_Bird_Image.js"
  },
  "15c87d66-deea-4ff8-84c1-2ad190d8a5fb": {
    "asset": 1610857713383,
    "meta": 1611156450468,
    "relativePath": "resources\\script\\Global_Function\\Close_Box.js"
  },
  "d8c80d54-4b46-4a58-83f8-7d9fd85b15c6": {
    "asset": 1610848511298,
    "meta": 1611156450476,
    "relativePath": "resources\\script\\Global_Function\\Cloud_Image.js"
  },
  "ca194018-7712-4544-923c-6489cb975e7c": {
    "asset": 1610954228540,
    "meta": 1611156450483,
    "relativePath": "resources\\script\\Global_Function\\Global_Variable.js"
  },
  "3ae400ae-c72d-4c07-a5b9-f1add585ef3e": {
    "asset": 1611124904598,
    "meta": 1611156450549,
    "relativePath": "resources\\script\\Global_Function\\Global_WeChat.js"
  },
  "d28972f8-49ab-46bc-8ed9-67e7a2c3ecab": {
    "asset": 1609589362883,
    "meta": 1611156450558,
    "relativePath": "resources\\script\\Global_Function\\Jump_Scene.js"
  },
  "bcc9e28f-5800-4315-a7cc-7ae4f91b944c": {
    "asset": 1611126681477,
    "meta": 1611156450566,
    "relativePath": "resources\\script\\Global_Function\\Loading_Base_Resouce.js"
  },
  "1499184b-12fb-4e54-933a-ef0797e8684c": {
    "asset": 1611156358400,
    "meta": 1611156450567,
    "relativePath": "resources\\script\\Local_Variible"
  },
  "fcaa0e44-8dae-440c-8346-f174bf1e74fc": {
    "asset": 1610848709674,
    "meta": 1611156450573,
    "relativePath": "resources\\script\\Local_Variible\\Account_Management_Local_Variable.js"
  },
  "feb84a84-8520-45f8-842e-3fe1bb9c7bd7": {
    "asset": 1610610865063,
    "meta": 1611156450579,
    "relativePath": "resources\\script\\Local_Variible\\Email_Local_Variable.js"
  },
  "77c6f53c-46f5-4f4b-9c35-5541109ad9bd": {
    "asset": 1609589040585,
    "meta": 1611156450584,
    "relativePath": "resources\\script\\Local_Variible\\Game_Difficulty_Local_Varible.js"
  },
  "0dac30fb-ef7e-4e91-9e97-2c77ee811989": {
    "asset": 1609585141744,
    "meta": 1611156450590,
    "relativePath": "resources\\script\\Local_Variible\\Game_Local_Varible.js"
  },
  "c82b52bb-1863-4e41-9e01-eb944405769a": {
    "asset": 1609585563027,
    "meta": 1611156450598,
    "relativePath": "resources\\script\\Local_Variible\\Jump_DIfficulty.js"
  },
  "e2ff3f21-8a49-4c24-bfb7-539368890a02": {
    "asset": 1609585673982,
    "meta": 1611156450604,
    "relativePath": "resources\\script\\Local_Variible\\Rank_Local_Variable.js"
  },
  "7185f913-085b-43a8-901e-e86c6dec5484": {
    "asset": 1610867734273,
    "meta": 1611156450611,
    "relativePath": "resources\\script\\Local_Variible\\Report_Local_Variable.js"
  },
  "95dc8b4b-b5c9-48c3-b29f-a55da5fd575e": {
    "asset": 1609474682597,
    "meta": 1611156450616,
    "relativePath": "resources\\script\\Local_Variible\\Shop_Character_Local_Varible.js"
  },
  "ee59b640-3848-4953-88d0-8ee6f6128b31": {
    "asset": 1609563893030,
    "meta": 1611156450621,
    "relativePath": "resources\\script\\Local_Variible\\User_Have_Character_Local_Varible.js"
  },
  "cce61b48-0275-4056-aca3-caa1ffd0482b": {
    "asset": 1611156358415,
    "meta": 1611156450622,
    "relativePath": "resources\\script\\Rank"
  },
  "ffbc324b-f063-44c0-8f9f-f2cc54389c3b": {
    "asset": 1610986382285,
    "meta": 1611156450636,
    "relativePath": "resources\\script\\Rank\\Loading_Rank.js"
  },
  "e4df5595-7cd4-4432-9fc4-f01deab480cd": {
    "asset": 1609588228232,
    "meta": 1611156450644,
    "relativePath": "resources\\script\\Rank\\My_Rank.js"
  },
  "b83b6be7-fff3-4fe4-9b73-2da548eac683": {
    "asset": 1609589975951,
    "meta": 1611156450650,
    "relativePath": "resources\\script\\Rank\\Report_Cancel.js"
  },
  "3838db70-cedc-45e6-8495-1802957c3159": {
    "asset": 1611120461260,
    "meta": 1611156450658,
    "relativePath": "resources\\script\\Rank\\Report_Confirm.js"
  },
  "3150a68f-795d-401d-a266-a56133d1509d": {
    "asset": 1611121780135,
    "meta": 1611156450667,
    "relativePath": "resources\\script\\Rank\\Report_User.js"
  },
  "769dcda4-754f-43dd-ac7c-303e3c326077": {
    "asset": 1611156358425,
    "meta": 1611156450668,
    "relativePath": "resources\\script\\Role"
  },
  "62d6943f-98f6-4c47-b39f-a3baf3f1d72b": {
    "asset": 1609640661856,
    "meta": 1611156450676,
    "relativePath": "resources\\script\\Role\\Change_Character.js"
  },
  "4ab37e99-a6d2-441a-8f7c-843537286ad9": {
    "asset": 1610971579277,
    "meta": 1611156450690,
    "relativePath": "resources\\script\\Role\\Have_Character_Information.js"
  },
  "70024602-0b15-467c-ba06-1256a40387ff": {
    "asset": 1610988452261,
    "meta": 1611156450702,
    "relativePath": "resources\\script\\Role\\Loading_Role.js"
  },
  "1f0fb0d5-e8e0-4abc-a6bd-a85ccb8a2db4": {
    "asset": 1611156358437,
    "meta": 1611156450703,
    "relativePath": "resources\\script\\Shop"
  },
  "aac19bfe-15e5-4c24-b1dc-8431c332296b": {
    "asset": 1610848683869,
    "meta": 1611156450716,
    "relativePath": "resources\\script\\Shop\\Buy_Character_Sure.js"
  },
  "2288a47b-df16-4caa-b9dc-4de8fec3c7b3": {
    "asset": 1610990561719,
    "meta": 1611156450728,
    "relativePath": "resources\\script\\Shop\\Character_Information.js"
  },
  "e5a1f66f-2ea0-49d9-adff-964c16cf24a4": {
    "asset": 1609059583975,
    "meta": 1611156450734,
    "relativePath": "resources\\script\\Shop\\Character.js"
  },
  "2926d468-b756-4e11-a89d-69c5da2fb622": {
    "asset": 1610988883156,
    "meta": 1611156450745,
    "relativePath": "resources\\script\\Shop\\Loading_Character.js"
  },
  "a1022c4d-da55-428e-8a4a-8e4c93360ad8": {
    "asset": 1611156358478,
    "meta": 1611156450751,
    "relativePath": "Scene"
  },
  "1c6cedca-0647-4c85-82c4-c5bfbe5a7b7e": {
    "asset": 1611135906365,
    "meta": 1611156450768,
    "relativePath": "Scene\\Account_Manage.fire"
  },
  "26702f38-978a-43c0-912a-37372f0060df": {
    "asset": 1610990777281,
    "meta": 1611156450772,
    "relativePath": "Scene\\Awards.fire"
  },
  "9490d9b2-f186-4750-9194-c7e21cabcdc1": {
    "asset": 1611132786850,
    "meta": 1611156450775,
    "relativePath": "Scene\\Closure.fire"
  },
  "b2174f71-9e31-4ed1-bbd9-0532fdf7a0b3": {
    "asset": 1611149766581,
    "meta": 1611156450778,
    "relativePath": "Scene\\Character.fire"
  },
  "33150352-4d11-4a9a-913d-d3a3c16286a6": {
    "asset": 1611149793315,
    "meta": 1611156450782,
    "relativePath": "Scene\\Friends.fire"
  },
  "bf0db93e-e6db-4a66-9539-c98828dd525d": {
    "asset": 1611149782724,
    "meta": 1611156450785,
    "relativePath": "Scene\\Email.fire"
  },
  "257a45f2-2a1c-49c0-908d-324cf873a952": {
    "asset": 1610956406275,
    "meta": 1611156450787,
    "relativePath": "Scene\\Game_Login.fire"
  },
  "45dac087-c0ba-4cd6-948f-ca2e8ba15979": {
    "asset": 1610849974435,
    "meta": 1611156450789,
    "relativePath": "Scene\\Game_Coming.fire"
  },
  "202472a6-0331-4c0f-ba51-ece12bb0e48f": {
    "asset": 1609651861316,
    "meta": 1611156450791,
    "relativePath": "Scene\\Game_Over.fire"
  },
  "dce65a33-2f87-4f7f-8e71-892a00e9fa33": {
    "asset": 1611149805767,
    "meta": 1611156450795,
    "relativePath": "Scene\\Game_Start.fire"
  },
  "cd6b59f7-1fe3-48eb-adc1-848b168a41bc": {
    "asset": 1611149816602,
    "meta": 1611156450799,
    "relativePath": "Scene\\Rank_Friend.fire"
  },
  "8e2e0a3a-15ca-45e2-ade5-d56d02552f70": {
    "asset": 1611130364016,
    "meta": 1611156450802,
    "relativePath": "Scene\\Report_Handling.fire"
  },
  "6247eaef-8df2-4ac2-a4f9-4b06be758348": {
    "asset": 1611149828164,
    "meta": 1611156450805,
    "relativePath": "Scene\\Rank_World.fire"
  },
  "d1545d9e-b4ba-4cba-b664-9ced115c1836": {
    "asset": 1611156358497,
    "meta": 1611156450806,
    "relativePath": "Script"
  },
  "f31ee1f2-7ad6-4207-bb52-a010355bf004": {
    "asset": 1609040623236,
    "meta": 1611156450816,
    "relativePath": "Script\\Buy_Character.js"
  },
  "b240773e-827c-48ac-a3b4-c7f433b7f41c": {
    "asset": 1608892908527,
    "meta": 1611156450824,
    "relativePath": "Script\\Cloud_Image1.js"
  },
  "ad85a5c3-df7e-4b29-ab3f-c9fd3724d58f": {
    "asset": 1609066718347,
    "meta": 1611156450871,
    "relativePath": "Script\\FriendsListData.js"
  },
  "06b6180c-fcc5-4dbc-b764-85a300ed0d2c": {
    "asset": 1609062269251,
    "meta": 1611156450884,
    "relativePath": "Script\\FriendsView.js"
  },
  "c6f98033-7300-4360-91b7-96471a1a64f4": {
    "asset": 1608895722078,
    "meta": 1611156450892,
    "relativePath": "Script\\Jump_Scene1.js"
  },
  "35cf17a9-5a2c-406b-9dbd-e72b55523fea": {
    "asset": 1608990575207,
    "meta": 1611156450899,
    "relativePath": "Script\\People.js"
  },
  "2abdc316-bba9-429c-a503-3cb41dbd317f": {
    "asset": 1611149840447,
    "meta": 1611156450903,
    "relativePath": "Scene\\Shop.fire"
  }
}