[1,["ecpdLyjvZBwrvm+cedCcQy","9bvaMerUlDyary99mJa6xp","33kqAuUHBFapjR6dSBvVIM","d8HsitJHxOYqo801xBk8ev"],["node","BGSprite","_spriteFrame","root","Compassion_Show","Gold_Show","Diamond_Show","data","Tip","_textureSetter"],[["cc.Node",["_name","_children","_components","_prefab","_contentSize","_trs","_parent","_color","_anchorPoint"],2,2,9,4,5,7,1,5,5],["cc.Node",["_name","_parent","_components","_prefab","_contentSize","_trs","_anchorPoint"],2,1,12,4,5,7,5],["cc.PrefabInfo",["fileId","root"],2,1],["cc.Sprite",["_sizeMode","_type","_isTrimmedMode","node","_materials","_spriteFrame"],0,1,3,6],["cc.Widget",["_alignFlags","_left","_right","_originalWidth","_originalHeight","_top","_bottom","node"],-4,1],"cc.SpriteFrame",["cc.Prefab",["_name"],2],["cc.Node",["_name","_parent","_components","_prefab","_contentSize","_anchorPoint","_trs"],2,1,2,4,5,5,7],["bcc9eKPWABDFafMeuT5G5RM",["node","Diamond_Show","Gold_Show","Compassion_Show"],3,1,1,1,1],["92d67ihDSlIL5FHV3xxiZud",["node","Tip"],3,1,6],["cc.Layout",["node","_layoutSize"],3,1,5],["d8c801US0ZKWIP4fZ/YWxXG",["Iamge","node","BGSprite"],2,1,1],["cc.Button",["node","clickEvents"],3,1,9],["cc.ClickEvent",["_componentId","handler","target"],1,1],["cc.Label",["_string","_fontSize","_lineHeight","_N$horizontalAlign","_N$verticalAlign","node","_materials"],-2,1,3]],[[2,0,1,2],[3,0,2,3,4,3],[11,0,1,2,2],[1,0,1,2,3,4,6,5,2],[12,0,1,1],[13,0,1,2,3],[0,0,6,1,2,3,7,4,8,5,2],[1,0,1,2,3,4,5,2],[3,1,0,3,4,5,3],[10,0,1,1],[4,0,1,2,3,4,7,6],[4,0,1,2,5,6,3,4,7,8],[14,0,1,2,3,4,5,6,6],[7,0,1,2,3,4,5,6,2],[6,0,2],[0,0,1,2,3,4,5,2],[8,0,1,2,3,1],[9,0,1,1],[2,1,1]],[[[[14,"Show_Base_Resource"],[15,"Show_Base_Resource",[-7,-8,-9],[[16,-5,-4,-3,-2],[17,-6,15]],[18,-1],[5,1280,100],[0,800,0,0,0,0,1,1,1,1]],[6,"Compassion_Backgound",1,[-13,-14,-15],[[8,1,0,-10,[3],4],[9,-11,[5,250.00000000000045,100]],[10,45,890,139.99999999999955,300,150,-12]],[0,"96te3SS2FDSZMk6Q3J17O6",1],[4,4278190080],[5,250.00000000000045,100],[0,0,0.5],[250,0,0,0,0,0,1,1,1,1]],[6,"Diamonds_Backgound",1,[-19,-20,-21],[[8,1,0,-16,[8],9],[9,-17,[5,250.00000000000045,100]],[10,45,140,889.9999999999995,300,150,-18]],[0,"70qpRnTmhAIahLzDCGlRB+",1],[4,4278190080],[5,250.00000000000045,100],[0,0,0.5],[-500,0,0,0,0,0,1,1,1,1]],[6,"Golds_Backgound",1,[-25,-26,-27],[[8,1,0,-22,[13],14],[9,-23,[5,250.00000000000045,100]],[10,45,515,514.9999999999995,300,150,-24]],[0,"64+06M5apAsrziuTr7kFoi",1],[4,4278190080],[5,250.00000000000045,100],[0,0,0.5],[-125,0,0,0,0,0,1,1,1,1]],[3,"Compassions_Image",2,[[-28,[11,45,20,150.00000000000045,10,10,60,60,-29],[2,"https://7a63-zcx-6gbgdxdy254816b0-1304342947.tcb.qcloud.la/base_materials/Compassion_Strength.png?sign=d5fcc4746e34279d44a83db6f9439f45&t=1608568406",-31,-30]],1,4,4],[0,"b17t+N5U5IyZo3IivQitS9",1],[5,80,80],[0,0,0.5],[20,0,0,0,0,0,1,1,1,1]],[7,"Compassions_Add",2,[[-32,[2,"https://7a63-zcx-6gbgdxdy254816b0-1304342947.tcb.qcloud.la/base_materials/Materials_Add.png?sign=b3b963f1ec8b65b22a1006391a3e1256&t=1608567680",-34,-33],[4,-35,[[5,"c4994O5i1VIrqndJ+WWHyX6","on_btn_click",1]]]],1,4,4],[0,"0baRLmf9tPy6IMhIFxb5Vq",1],[5,50,50],[212.987,0,0,0,0,0,1,1,1,1]],[3,"Diamonds_Image",3,[[-36,[11,45,20,150.0000000000005,10,10,60,60,-37],[2,"https://7a63-zcx-6gbgdxdy254816b0-1304342947.tcb.qcloud.la/base_materials/Diamonds.png?sign=f758cee56ea740e53ea9236adc00e8a9&t=1608566931",-39,-38]],1,4,4],[0,"b6r6Wgb8pPY5iOD84l66Io",1],[5,79.99999999999994,80],[0,0,0.5],[20,0,0,0,0,0,1,1,1,1]],[7,"Diamonds_Add",3,[[-40,[2,"https://7a63-zcx-6gbgdxdy254816b0-1304342947.tcb.qcloud.la/base_materials/Materials_Add.png?sign=b3b963f1ec8b65b22a1006391a3e1256&t=1608567680",-42,-41],[4,-43,[[5,"92d67ihDSlIL5FHV3xxiZud","on_btn_click",1]]]],1,4,4],[0,"e5Z7dPGOFIDpikVDhQf+U8",1],[5,50,50],[212.987,0,0,0,0,0,1,1,1,1]],[3,"Golds_Image",4,[[-44,[11,45,20,150.00000000000045,10,10,60,60,-45],[2,"https://7a63-zcx-6gbgdxdy254816b0-1304342947.tcb.qcloud.la/base_materials/Gold.png?sign=b08320c33bd82cf0a95f128c75d7556d&t=1608568267",-47,-46]],1,4,4],[0,"03T3ZYFWJGeLhWCk83llTR",1],[5,80,80],[0,0,0.5],[20,0,0,0,0,0,1,1,1,1]],[7,"Golds_Add",4,[[-48,[2,"https://7a63-zcx-6gbgdxdy254816b0-1304342947.tcb.qcloud.la/base_materials/Materials_Add.png?sign=b3b963f1ec8b65b22a1006391a3e1256&t=1608567680",-50,-49],[4,-51,[[5,"c4994O5i1VIrqndJ+WWHyX6","on_btn_click",1]]]],1,4,4],[0,"8c8fFRgXdG1oJ8gUPeND3H",1],[5,50,50],[212.987,0,0,0,0,0,1,1,1,1]],[3,"Golds_Show",4,[[-52,[4,-53,[[5,"c4994O5i1VIrqndJ+WWHyX6","on_btn_click",1]]]],1,4],[0,"89bAR/fuJGcrsAcI6r6853",1],[5,75.08,100.8],[0,1,0.5],[184,1,0,0,0,0,1,1,1,1]],[1,0,false,5,[0]],[13,"Compassions_Show",2,[-54],[0,"c7Z3rUBHFId7CrgjgiXpes",1],[5,50.05,100.8],[0,1,0.5],[184,1,0,0,0,0,1,1,1,1]],[12,"10",45,80,1,1,13,[1]],[1,0,false,6,[2]],[1,0,false,7,[5]],[13,"Diamonds_Show",3,[-55],[0,"94WPjCOTJOMp1MvllTOI5f",1],[5,50.05,100.8],[0,1,0.5],[184,1,0,0,0,0,1,1,1,1]],[12,"10",45,80,1,1,17,[6]],[1,0,false,8,[7]],[1,0,false,9,[10]],[12,"417",45,80,1,1,11,[11]],[1,0,false,10,[12]]],0,[0,3,1,0,4,14,0,5,21,0,6,18,0,0,1,0,0,1,0,-1,2,0,-2,3,0,-3,4,0,0,2,0,0,2,0,0,2,0,-1,5,0,-2,13,0,-3,6,0,0,3,0,0,3,0,0,3,0,-1,7,0,-2,17,0,-3,8,0,0,4,0,0,4,0,0,4,0,-1,9,0,-2,11,0,-3,10,0,-1,12,0,0,5,0,1,12,0,0,5,0,-1,15,0,1,15,0,0,6,0,0,6,0,-1,16,0,0,7,0,1,16,0,0,7,0,-1,19,0,1,19,0,0,8,0,0,8,0,-1,20,0,0,9,0,1,20,0,0,9,0,-1,22,0,1,22,0,0,10,0,0,10,0,-1,21,0,0,11,0,-1,14,0,-1,18,0,7,1,55],[0,0,0,0,0,0,0,0,0,0,0,0,0,0,0,0],[-1,-1,-1,-1,2,-1,-1,-1,-1,2,-1,-1,-1,-1,2,8],[0,0,0,0,1,0,0,0,0,1,0,0,0,0,1,2]],[[{"name":"default_panel","rect":[0,0,20,20],"offset":[0,0],"originalSize":[20,20],"capInsets":[6,6,6,6]}],[5],0,[0],[9],[3]]]]