[
  {
    "__type__": "cc.Prefab",
    "_name": "menu bar",
    "_objFlags": 0,
    "_native": "",
    "data": {
      "__id__": 1
    },
    "optimizationPolicy": 0,
    "asyncLoadAssets": false,
    "readonly": false
  },
  {
    "__type__": "cc.Node",
    "_name": "menu bar",
    "_objFlags": 0,
    "_parent": null,
    "_children": [
      {
        "__id__": 2
      },
      {
        "__id__": 11
      },
      {
        "__id__": 16
      },
      {
        "__id__": 21
      },
      {
        "__id__": 26
      },
      {
        "__id__": 34
      }
    ],
    "_active": true,
    "_components": [
      {
        "__id__": 38
      },
      {
        "__id__": 39
      }
    ],
    "_prefab": {
      "__id__": 40
    },
    "_opacity": 255,
    "_color": {
      "__type__": "cc.Color",
      "r": 75,
      "g": 75,
      "b": 121,
      "a": 255
    },
    "_contentSize": {
      "__type__": "cc.Size",
      "width": 1080,
      "height": 193
    },
    "_anchorPoint": {
      "__type__": "cc.Vec2",
      "x": 0.49999999999999983,
      "y": 0.5
    },
    "_trs": {
      "__type__": "TypedArray",
      "ctor": "Float64Array",
      "array": [
        -1.6875,
        -863.5000031855184,
        0,
        0,
        0,
        0,
        1,
        1,
        1,
        1
      ]
    },
    "_eulerAngles": {
      "__type__": "cc.Vec3",
      "x": 0,
      "y": 0,
      "z": 0
    },
    "_skewX": 0,
    "_skewY": 0,
    "_is3DNode": false,
    "_groupIndex": 0,
    "groupIndex": 0,
    "_id": ""
  },
  {
    "__type__": "cc.Node",
    "_name": "friend jump",
    "_objFlags": 0,
    "_parent": {
      "__id__": 1
    },
    "_children": [],
    "_active": true,
    "_components": [
      {
        "__id__": 3
      },
      {
        "__id__": 4
      },
      {
        "__id__": 5
      },
      {
        "__id__": 6
      },
      {
        "__id__": 7
      }
    ],
    "_prefab": {
      "__id__": 10
    },
    "_opacity": 255,
    "_color": {
      "__type__": "cc.Color",
      "r": 255,
      "g": 255,
      "b": 255,
      "a": 255
    },
    "_contentSize": {
      "__type__": "cc.Size",
      "width": 188,
      "height": 180
    },
    "_anchorPoint": {
      "__type__": "cc.Vec2",
      "x": -6.366137751433025,
      "y": -32.00388693911921
    },
    "_trs": {
      "__type__": "TypedArray",
      "ctor": "Float64Array",
      "array": [
        -888.005296448345,
        -5853.559276814482,
        0,
        0,
        0,
        0,
        1,
        1,
        1,
        1
      ]
    },
    "_eulerAngles": {
      "__type__": "cc.Vec3",
      "x": 0,
      "y": 0,
      "z": 0
    },
    "_skewX": 0,
    "_skewY": 0,
    "_is3DNode": false,
    "_groupIndex": 0,
    "groupIndex": 0,
    "_id": ""
  },
  {
    "__type__": "cc.Sprite",
    "_name": "",
    "_objFlags": 0,
    "node": {
      "__id__": 2
    },
    "_enabled": true,
    "_materials": [
      {
        "__uuid__": "eca5d2f2-8ef6-41c2-bbe6-f9c79d09c432"
      },
      null
    ],
    "_srcBlendFactor": 770,
    "_dstBlendFactor": 771,
    "_spriteFrame": null,
    "_type": 0,
    "_sizeMode": 0,
    "_fillType": 0,
    "_fillCenter": {
      "__type__": "cc.Vec2",
      "x": 0,
      "y": 0
    },
    "_fillStart": 0,
    "_fillRange": 0,
    "_isTrimmedMode": true,
    "_atlas": null,
    "_id": ""
  },
  {
    "__type__": "cc.Widget",
    "_name": "",
    "_objFlags": 0,
    "node": {
      "__id__": 2
    },
    "_enabled": true,
    "alignMode": 1,
    "_target": null,
    "_alignFlags": 36,
    "_left": 0.8,
    "_right": 0.03997351775827461,
    "_top": 731.4749415632875,
    "_bottom": 3.6403722269769787,
    "_verticalCenter": 0.9065535505560547,
    "_horizontalCenter": 0.9960692045682435,
    "_isAbsLeft": false,
    "_isAbsRight": false,
    "_isAbsTop": true,
    "_isAbsBottom": true,
    "_isAbsHorizontalCenter": true,
    "_isAbsVerticalCenter": true,
    "_originalWidth": 0,
    "_originalHeight": 180,
    "_id": ""
  },
  {
    "__type__": "b2407c+gnxIrKO0x/Qzt/Qc",
    "_name": "",
    "_objFlags": 0,
    "node": {
      "__id__": 2
    },
    "_enabled": true,
    "Iamge": "https://7a63-zcx-6gbgdxdy254816b0-1304342947.tcb.qcloud.la/image/Button/frind.png?sign=66db9886901039b842d3bd7a36678074&t=1608781185",
    "BGSprite": {
      "__id__": 3
    },
    "_id": ""
  },
  {
    "__type__": "c6f98AzcwBDYJG3lkcaGmT0",
    "_name": "",
    "_objFlags": 0,
    "node": {
      "__id__": 2
    },
    "_enabled": true,
    "scene": "Friends",
    "_id": ""
  },
  {
    "__type__": "cc.Button",
    "_name": "",
    "_objFlags": 0,
    "node": {
      "__id__": 2
    },
    "_enabled": true,
    "_normalMaterial": null,
    "_grayMaterial": null,
    "duration": 0.1,
    "zoomScale": 1.2,
    "clickEvents": [
      {
        "__id__": 8
      },
      {
        "__id__": 9
      }
    ],
    "_N$interactable": true,
    "_N$enableAutoGrayEffect": false,
    "_N$transition": 0,
    "transition": 0,
    "_N$normalColor": {
      "__type__": "cc.Color",
      "r": 255,
      "g": 255,
      "b": 255,
      "a": 255
    },
    "_N$pressedColor": {
      "__type__": "cc.Color",
      "r": 211,
      "g": 211,
      "b": 211,
      "a": 255
    },
    "pressedColor": {
      "__type__": "cc.Color",
      "r": 211,
      "g": 211,
      "b": 211,
      "a": 255
    },
    "_N$hoverColor": {
      "__type__": "cc.Color",
      "r": 255,
      "g": 255,
      "b": 255,
      "a": 255
    },
    "hoverColor": {
      "__type__": "cc.Color",
      "r": 255,
      "g": 255,
      "b": 255,
      "a": 255
    },
    "_N$disabledColor": {
      "__type__": "cc.Color",
      "r": 124,
      "g": 124,
      "b": 124,
      "a": 255
    },
    "_N$normalSprite": null,
    "_N$pressedSprite": null,
    "pressedSprite": null,
    "_N$hoverSprite": null,
    "hoverSprite": null,
    "_N$disabledSprite": null,
    "_N$target": null,
    "_id": ""
  },
  {
    "__type__": "cc.ClickEvent",
    "target": {
      "__id__": 2
    },
    "component": "",
    "_componentId": "c6f98AzcwBDYJG3lkcaGmT0",
    "handler": "on_btn_click",
    "customEventData": ""
  },
  {
    "__type__": "cc.ClickEvent",
    "target": {
      "__id__": 2
    },
    "component": "",
    "_componentId": "",
    "handler": "",
    "customEventData": ""
  },
  {
    "__type__": "cc.PrefabInfo",
    "root": {
      "__id__": 1
    },
    "asset": {
      "__id__": 0
    },
    "fileId": "29VUFEA6JOLrO7C2JejRFO",
    "sync": false
  },
  {
    "__type__": "cc.Node",
    "_name": "game jump",
    "_objFlags": 0,
    "_parent": {
      "__id__": 1
    },
    "_children": [],
    "_active": true,
    "_components": [
      {
        "__id__": 12
      },
      {
        "__id__": 13
      },
      {
        "__id__": 14
      }
    ],
    "_prefab": {
      "__id__": 15
    },
    "_opacity": 255,
    "_color": {
      "__type__": "cc.Color",
      "r": 255,
      "g": 255,
      "b": 255,
      "a": 255
    },
    "_contentSize": {
      "__type__": "cc.Size",
      "width": 188,
      "height": 180
    },
    "_anchorPoint": {
      "__type__": "cc.Vec2",
      "x": -6.366137751433025,
      "y": -32.00388693911921
    },
    "_trs": {
      "__type__": "TypedArray",
      "ctor": "Float64Array",
      "array": [
        -1275.6738972694084,
        -5853.1996490414585,
        0,
        0,
        0,
        0,
        1,
        1,
        1,
        1
      ]
    },
    "_eulerAngles": {
      "__type__": "cc.Vec3",
      "x": 0,
      "y": 0,
      "z": 0
    },
    "_skewX": 0,
    "_skewY": 0,
    "_is3DNode": false,
    "_groupIndex": 0,
    "groupIndex": 0,
    "_id": ""
  },
  {
    "__type__": "cc.Sprite",
    "_name": "",
    "_objFlags": 0,
    "node": {
      "__id__": 11
    },
    "_enabled": true,
    "_materials": [
      {
        "__uuid__": "eca5d2f2-8ef6-41c2-bbe6-f9c79d09c432"
      },
      null
    ],
    "_srcBlendFactor": 770,
    "_dstBlendFactor": 771,
    "_spriteFrame": null,
    "_type": 0,
    "_sizeMode": 0,
    "_fillType": 0,
    "_fillCenter": {
      "__type__": "cc.Vec2",
      "x": 0,
      "y": 0
    },
    "_fillStart": 0,
    "_fillRange": 0,
    "_isTrimmedMode": true,
    "_atlas": null,
    "_id": ""
  },
  {
    "__type__": "cc.Widget",
    "_name": "",
    "_objFlags": 0,
    "node": {
      "__id__": 11
    },
    "_enabled": true,
    "alignMode": 1,
    "_target": null,
    "_alignFlags": 12,
    "_left": 0.42700000000000005,
    "_right": 0.040985771575873506,
    "_top": 796.0932865388611,
    "_bottom": 4,
    "_verticalCenter": 0.9065535505560547,
    "_horizontalCenter": 0.9960692045682435,
    "_isAbsLeft": false,
    "_isAbsRight": false,
    "_isAbsTop": true,
    "_isAbsBottom": true,
    "_isAbsHorizontalCenter": true,
    "_isAbsVerticalCenter": true,
    "_originalWidth": 0,
    "_originalHeight": 180,
    "_id": ""
  },
  {
    "__type__": "b2407c+gnxIrKO0x/Qzt/Qc",
    "_name": "",
    "_objFlags": 0,
    "node": {
      "__id__": 11
    },
    "_enabled": true,
    "Iamge": "https://7a63-zcx-6gbgdxdy254816b0-1304342947.tcb.qcloud.la/image/Button/game.png?sign=d7ca24505771e5caa0a9eed1a1b1307b&t=1608781137",
    "BGSprite": {
      "__id__": 12
    },
    "_id": ""
  },
  {
    "__type__": "cc.PrefabInfo",
    "root": {
      "__id__": 1
    },
    "asset": {
      "__id__": 0
    },
    "fileId": "bafiRXBaJCF49ObpfnOljQ",
    "sync": false
  },
  {
    "__type__": "cc.Node",
    "_name": "character jump",
    "_objFlags": 0,
    "_parent": {
      "__id__": 1
    },
    "_children": [],
    "_active": true,
    "_components": [
      {
        "__id__": 17
      },
      {
        "__id__": 18
      },
      {
        "__id__": 19
      }
    ],
    "_prefab": {
      "__id__": 20
    },
    "_opacity": 255,
    "_color": {
      "__type__": "cc.Color",
      "r": 255,
      "g": 255,
      "b": 255,
      "a": 255
    },
    "_contentSize": {
      "__type__": "cc.Size",
      "width": 188,
      "height": 180
    },
    "_anchorPoint": {
      "__type__": "cc.Vec2",
      "x": -6.366137751433025,
      "y": -32.00388693911921
    },
    "_trs": {
      "__type__": "TypedArray",
      "ctor": "Float64Array",
      "array": [
        -1071.6338972694084,
        -5789.649649041458,
        0,
        0,
        0,
        0,
        1,
        1,
        1,
        1
      ]
    },
    "_eulerAngles": {
      "__type__": "cc.Vec3",
      "x": 0,
      "y": 0,
      "z": 0
    },
    "_skewX": 0,
    "_skewY": 0,
    "_is3DNode": false,
    "_groupIndex": 0,
    "groupIndex": 0,
    "_id": ""
  },
  {
    "__type__": "cc.Sprite",
    "_name": "",
    "_objFlags": 0,
    "node": {
      "__id__": 16
    },
    "_enabled": true,
    "_materials": [
      {
        "__uuid__": "eca5d2f2-8ef6-41c2-bbe6-f9c79d09c432"
      }
    ],
    "_srcBlendFactor": 770,
    "_dstBlendFactor": 771,
    "_spriteFrame": null,
    "_type": 0,
    "_sizeMode": 0,
    "_fillType": 0,
    "_fillCenter": {
      "__type__": "cc.Vec2",
      "x": 0,
      "y": 0
    },
    "_fillStart": 0,
    "_fillRange": 0,
    "_isTrimmedMode": true,
    "_atlas": null,
    "_id": ""
  },
  {
    "__type__": "cc.Widget",
    "_name": "",
    "_objFlags": 0,
    "node": {
      "__id__": 16
    },
    "_enabled": true,
    "alignMode": 1,
    "_target": null,
    "_alignFlags": 36,
    "_left": 0.62,
    "_right": 0.21,
    "_top": 796.0932865388611,
    "_bottom": 0.35,
    "_verticalCenter": 0.9065535505560547,
    "_horizontalCenter": 0.9960692045682435,
    "_isAbsLeft": false,
    "_isAbsRight": false,
    "_isAbsTop": true,
    "_isAbsBottom": false,
    "_isAbsHorizontalCenter": true,
    "_isAbsVerticalCenter": true,
    "_originalWidth": 0,
    "_originalHeight": 180,
    "_id": ""
  },
  {
    "__type__": "b2407c+gnxIrKO0x/Qzt/Qc",
    "_name": "",
    "_objFlags": 0,
    "node": {
      "__id__": 16
    },
    "_enabled": true,
    "Iamge": "https://7a63-zcx-6gbgdxdy254816b0-1304342947.tcb.qcloud.la/image/Button/character.png?sign=cc521c43ae76029ef6a9bd4b2e4fe4e4&t=1608770992",
    "BGSprite": {
      "__id__": 17
    },
    "_id": ""
  },
  {
    "__type__": "cc.PrefabInfo",
    "root": {
      "__id__": 1
    },
    "asset": {
      "__id__": 0
    },
    "fileId": "66G0vfIetFyomBqYDt/dN5",
    "sync": false
  },
  {
    "__type__": "cc.Node",
    "_name": "rank jump",
    "_objFlags": 0,
    "_parent": {
      "__id__": 1
    },
    "_children": [],
    "_active": true,
    "_components": [
      {
        "__id__": 22
      },
      {
        "__id__": 23
      },
      {
        "__id__": 24
      }
    ],
    "_prefab": {
      "__id__": 25
    },
    "_opacity": 255,
    "_color": {
      "__type__": "cc.Color",
      "r": 255,
      "g": 255,
      "b": 255,
      "a": 255
    },
    "_contentSize": {
      "__type__": "cc.Size",
      "width": 188,
      "height": 180
    },
    "_anchorPoint": {
      "__type__": "cc.Vec2",
      "x": -6.366137751433025,
      "y": -32.00388693911921
    },
    "_trs": {
      "__type__": "TypedArray",
      "ctor": "Float64Array",
      "array": [
        -1488.4338972694086,
        -5853.1996490414585,
        0,
        0,
        0,
        0,
        1,
        1,
        1,
        1
      ]
    },
    "_eulerAngles": {
      "__type__": "cc.Vec3",
      "x": 0,
      "y": 0,
      "z": 0
    },
    "_skewX": 0,
    "_skewY": 0,
    "_is3DNode": false,
    "_groupIndex": 0,
    "groupIndex": 0,
    "_id": ""
  },
  {
    "__type__": "cc.Sprite",
    "_name": "",
    "_objFlags": 0,
    "node": {
      "__id__": 21
    },
    "_enabled": true,
    "_materials": [
      {
        "__uuid__": "eca5d2f2-8ef6-41c2-bbe6-f9c79d09c432"
      },
      null
    ],
    "_srcBlendFactor": 770,
    "_dstBlendFactor": 771,
    "_spriteFrame": null,
    "_type": 0,
    "_sizeMode": 0,
    "_fillType": 0,
    "_fillCenter": {
      "__type__": "cc.Vec2",
      "x": 0,
      "y": 0
    },
    "_fillStart": 0,
    "_fillRange": 0,
    "_isTrimmedMode": true,
    "_atlas": null,
    "_id": ""
  },
  {
    "__type__": "cc.Widget",
    "_name": "",
    "_objFlags": 0,
    "node": {
      "__id__": 21
    },
    "_enabled": true,
    "alignMode": 1,
    "_target": null,
    "_alignFlags": 12,
    "_left": 0.23,
    "_right": 0.040985771575873506,
    "_top": 731.4749415632875,
    "_bottom": 4,
    "_verticalCenter": 0.9065535505560547,
    "_horizontalCenter": 0.9960692045682435,
    "_isAbsLeft": false,
    "_isAbsRight": false,
    "_isAbsTop": true,
    "_isAbsBottom": true,
    "_isAbsHorizontalCenter": true,
    "_isAbsVerticalCenter": true,
    "_originalWidth": 0,
    "_originalHeight": 180,
    "_id": ""
  },
  {
    "__type__": "b2407c+gnxIrKO0x/Qzt/Qc",
    "_name": "",
    "_objFlags": 0,
    "node": {
      "__id__": 21
    },
    "_enabled": true,
    "Iamge": "https://7a63-zcx-6gbgdxdy254816b0-1304342947.tcb.qcloud.la/image/Button/rank.png?sign=a6bca5840102878dde2fa0b3db672ba0&t=1608772090",
    "BGSprite": {
      "__id__": 22
    },
    "_id": ""
  },
  {
    "__type__": "cc.PrefabInfo",
    "root": {
      "__id__": 1
    },
    "asset": {
      "__id__": 0
    },
    "fileId": "21ysF2ocpJ77j28u71lHGy",
    "sync": false
  },
  {
    "__type__": "cc.Node",
    "_name": "shop jump",
    "_objFlags": 0,
    "_parent": {
      "__id__": 1
    },
    "_children": [],
    "_active": true,
    "_components": [
      {
        "__id__": 27
      },
      {
        "__id__": 28
      },
      {
        "__id__": 29
      },
      {
        "__id__": 31
      },
      {
        "__id__": 32
      }
    ],
    "_prefab": {
      "__id__": 33
    },
    "_opacity": 255,
    "_color": {
      "__type__": "cc.Color",
      "r": 255,
      "g": 255,
      "b": 255,
      "a": 255
    },
    "_contentSize": {
      "__type__": "cc.Size",
      "width": 188,
      "height": 180
    },
    "_anchorPoint": {
      "__type__": "cc.Vec2",
      "x": -6.366137751433025,
      "y": -32.00388693911921
    },
    "_trs": {
      "__type__": "TypedArray",
      "ctor": "Float64Array",
      "array": [
        -1693.6338972694084,
        -5853.1996490414585,
        0,
        0,
        0,
        0,
        1,
        1,
        1,
        1
      ]
    },
    "_eulerAngles": {
      "__type__": "cc.Vec3",
      "x": 0,
      "y": 0,
      "z": 0
    },
    "_skewX": 0,
    "_skewY": 0,
    "_is3DNode": false,
    "_groupIndex": 0,
    "groupIndex": 0,
    "_id": ""
  },
  {
    "__type__": "cc.Sprite",
    "_name": "",
    "_objFlags": 0,
    "node": {
      "__id__": 26
    },
    "_enabled": true,
    "_materials": [
      {
        "__uuid__": "eca5d2f2-8ef6-41c2-bbe6-f9c79d09c432"
      }
    ],
    "_srcBlendFactor": 770,
    "_dstBlendFactor": 771,
    "_spriteFrame": null,
    "_type": 0,
    "_sizeMode": 0,
    "_fillType": 0,
    "_fillCenter": {
      "__type__": "cc.Vec2",
      "x": 0,
      "y": 0
    },
    "_fillStart": 0,
    "_fillRange": 0,
    "_isTrimmedMode": true,
    "_atlas": null,
    "_id": ""
  },
  {
    "__type__": "cc.Widget",
    "_name": "",
    "_objFlags": 0,
    "node": {
      "__id__": 26
    },
    "_enabled": true,
    "alignMode": 1,
    "_target": null,
    "_alignFlags": 12,
    "_left": 0.04,
    "_right": 0.040985771575873506,
    "_top": 731.4749415632875,
    "_bottom": 4,
    "_verticalCenter": 0.9065535505560547,
    "_horizontalCenter": 0.9960692045682435,
    "_isAbsLeft": false,
    "_isAbsRight": false,
    "_isAbsTop": true,
    "_isAbsBottom": true,
    "_isAbsHorizontalCenter": true,
    "_isAbsVerticalCenter": true,
    "_originalWidth": 0,
    "_originalHeight": 180,
    "_id": ""
  },
  {
    "__type__": "cc.Button",
    "_name": "",
    "_objFlags": 0,
    "node": {
      "__id__": 26
    },
    "_enabled": true,
    "_normalMaterial": null,
    "_grayMaterial": null,
    "duration": 0.1,
    "zoomScale": 1.2,
    "clickEvents": [
      {
        "__id__": 30
      }
    ],
    "_N$interactable": true,
    "_N$enableAutoGrayEffect": false,
    "_N$transition": 0,
    "transition": 0,
    "_N$normalColor": {
      "__type__": "cc.Color",
      "r": 255,
      "g": 255,
      "b": 255,
      "a": 255
    },
    "_N$pressedColor": {
      "__type__": "cc.Color",
      "r": 211,
      "g": 211,
      "b": 211,
      "a": 255
    },
    "pressedColor": {
      "__type__": "cc.Color",
      "r": 211,
      "g": 211,
      "b": 211,
      "a": 255
    },
    "_N$hoverColor": {
      "__type__": "cc.Color",
      "r": 255,
      "g": 255,
      "b": 255,
      "a": 255
    },
    "hoverColor": {
      "__type__": "cc.Color",
      "r": 255,
      "g": 255,
      "b": 255,
      "a": 255
    },
    "_N$disabledColor": {
      "__type__": "cc.Color",
      "r": 124,
      "g": 124,
      "b": 124,
      "a": 255
    },
    "_N$normalSprite": null,
    "_N$pressedSprite": null,
    "pressedSprite": null,
    "_N$hoverSprite": null,
    "hoverSprite": null,
    "_N$disabledSprite": null,
    "_N$target": null,
    "_id": ""
  },
  {
    "__type__": "cc.ClickEvent",
    "target": {
      "__id__": 26
    },
    "component": "",
    "_componentId": "c6f98AzcwBDYJG3lkcaGmT0",
    "handler": "on_btn_click",
    "customEventData": ""
  },
  {
    "__type__": "b2407c+gnxIrKO0x/Qzt/Qc",
    "_name": "",
    "_objFlags": 0,
    "node": {
      "__id__": 26
    },
    "_enabled": true,
    "Iamge": "https://7a63-zcx-6gbgdxdy254816b0-1304342947.tcb.qcloud.la/image/Button/shop.png?sign=e5b0fe6c87020ae3a800dc1798902ad4&t=1608772500",
    "BGSprite": {
      "__id__": 27
    },
    "_id": ""
  },
  {
    "__type__": "c6f98AzcwBDYJG3lkcaGmT0",
    "_name": "",
    "_objFlags": 0,
    "node": {
      "__id__": 26
    },
    "_enabled": true,
    "scene": "Shop",
    "_id": ""
  },
  {
    "__type__": "cc.PrefabInfo",
    "root": {
      "__id__": 1
    },
    "asset": {
      "__id__": 0
    },
    "fileId": "adGPMG3tBKNYHlQ2bTO/HK",
    "sync": false
  },
  {
    "__type__": "cc.Node",
    "_name": "bar name",
    "_objFlags": 0,
    "_parent": {
      "__id__": 1
    },
    "_children": [],
    "_active": true,
    "_components": [
      {
        "__id__": 35
      },
      {
        "__id__": 36
      }
    ],
    "_prefab": {
      "__id__": 37
    },
    "_opacity": 255,
    "_color": {
      "__type__": "cc.Color",
      "r": 255,
      "g": 255,
      "b": 255,
      "a": 255
    },
    "_contentSize": {
      "__type__": "cc.Size",
      "width": 100,
      "height": 56.7
    },
    "_anchorPoint": {
      "__type__": "cc.Vec2",
      "x": 0.07882002362178031,
      "y": 0.5774839674934475
    },
    "_trs": {
      "__type__": "TypedArray",
      "ctor": "Float64Array",
      "array": [
        180.998,
        -53.757,
        0,
        0,
        0,
        0,
        1,
        1,
        1,
        1
      ]
    },
    "_eulerAngles": {
      "__type__": "cc.Vec3",
      "x": 0,
      "y": 0,
      "z": 0
    },
    "_skewX": 0,
    "_skewY": 0,
    "_is3DNode": false,
    "_groupIndex": 0,
    "groupIndex": 0,
    "_id": ""
  },
  {
    "__type__": "cc.Label",
    "_name": "",
    "_objFlags": 0,
    "node": {
      "__id__": 34
    },
    "_enabled": true,
    "_materials": [
      {
        "__uuid__": "eca5d2f2-8ef6-41c2-bbe6-f9c79d09c432"
      }
    ],
    "_srcBlendFactor": 770,
    "_dstBlendFactor": 771,
    "_string": "角色",
    "_N$string": "角色",
    "_fontSize": 50,
    "_lineHeight": 45,
    "_enableWrapText": true,
    "_N$file": null,
    "_isSystemFontUsed": true,
    "_spacingX": 0,
    "_batchAsBitmap": false,
    "_styleFlags": 1,
    "_underlineHeight": 0,
    "_N$horizontalAlign": 1,
    "_N$verticalAlign": 1,
    "_N$fontFamily": "Arial",
    "_N$overflow": 0,
    "_N$cacheMode": 0,
    "_id": ""
  },
  {
    "__type__": "cc.Widget",
    "_name": "",
    "_objFlags": 0,
    "node": {
      "__id__": 34
    },
    "_enabled": true,
    "alignMode": 1,
    "_target": null,
    "_alignFlags": 36,
    "_left": 0.3821234356545484,
    "_right": 0.24711481700201687,
    "_top": 300.03999999999996,
    "_bottom": 9.999659043121525,
    "_verticalCenter": 0,
    "_horizontalCenter": 0,
    "_isAbsLeft": false,
    "_isAbsRight": false,
    "_isAbsTop": true,
    "_isAbsBottom": true,
    "_isAbsHorizontalCenter": true,
    "_isAbsVerticalCenter": true,
    "_originalWidth": 560,
    "_originalHeight": 0,
    "_id": ""
  },
  {
    "__type__": "cc.PrefabInfo",
    "root": {
      "__id__": 1
    },
    "asset": {
      "__id__": 0
    },
    "fileId": "17T1p0XR5IJLSdeUqJVHWC",
    "sync": false
  },
  {
    "__type__": "cc.Sprite",
    "_name": "",
    "_objFlags": 0,
    "node": {
      "__id__": 1
    },
    "_enabled": true,
    "_materials": [
      {
        "__uuid__": "eca5d2f2-8ef6-41c2-bbe6-f9c79d09c432"
      }
    ],
    "_srcBlendFactor": 770,
    "_dstBlendFactor": 771,
    "_spriteFrame": {
      "__uuid__": "a23235d1-15db-4b95-8439-a2e005bfff91"
    },
    "_type": 0,
    "_sizeMode": 0,
    "_fillType": 0,
    "_fillCenter": {
      "__type__": "cc.Vec2",
      "x": 0,
      "y": 0
    },
    "_fillStart": 0,
    "_fillRange": 0,
    "_isTrimmedMode": true,
    "_atlas": null,
    "_id": ""
  },
  {
    "__type__": "cc.Widget",
    "_name": "",
    "_objFlags": 0,
    "node": {
      "__id__": 1
    },
    "_enabled": true,
    "alignMode": 1,
    "_target": null,
    "_alignFlags": 44,
    "_left": 2.2737367544323206e-13,
    "_right": -2.2737367544323206e-13,
    "_top": 0,
    "_bottom": -0.000003185518380632857,
    "_verticalCenter": 0,
    "_horizontalCenter": 0,
    "_isAbsLeft": true,
    "_isAbsRight": true,
    "_isAbsTop": true,
    "_isAbsBottom": true,
    "_isAbsHorizontalCenter": true,
    "_isAbsVerticalCenter": true,
    "_originalWidth": 1290,
    "_originalHeight": 0,
    "_id": ""
  },
  {
    "__type__": "cc.PrefabInfo",
    "root": {
      "__id__": 1
    },
    "asset": {
      "__id__": 0
    },
    "fileId": "",
    "sync": false
  }
]