[1,["ecpdLyjvZBwrvm+cedCcQy","0aPUp2KN5Iqotvz0Gz1Ek8","8c20Sso/ZEn7NUfNSM+EBh","17CWl5CeJL9p6XGxcYH5Nr","28OgpD2n1Cc6r6X2eHJkV1"],["node","_spriteFrame","_textureSetter","root","target","Canvas","Email_Title","data","_parent","Email_Information"],[["cc.Node",["_name","_prefab","_contentSize","_components","_trs","_children","_parent","_anchorPoint"],2,4,5,9,7,2,1,5],["cc.Widget",["_alignFlags","_left","_top","_verticalCenter","_bottom","_right","_originalWidth","_originalHeight","node"],-5,1],["cc.PrefabInfo",["fileId","root"],2,1],["cc.Label",["_string","_fontSize","_N$overflow","_lineHeight","node","_materials"],-1,1,3],"cc.SpriteFrame",["cc.Prefab",["_name"],2],["cc.Node",["_name","_parent","_components","_prefab","_contentSize","_anchorPoint","_trs"],2,1,12,4,5,5,7],["cc.Sprite",["_sizeMode","node","_materials","_spriteFrame"],2,1,3,6],["cc.Button",["node","clickEvents"],3,1,9],["cc.ClickEvent",["_componentId","handler","target"],1,1],["1c8bc2GdkJAwamUQNO6/X0g",["node","Email_Title","Canvas","Email_Information"],3,1,1,1,6]],[[2,0,1,2],[7,0,1,2,3,2],[5,0,2],[0,0,5,3,1,2,2],[0,0,6,3,1,2,4,2],[0,0,3,1,2,7,4,2],[0,0,6,5,1,2,7,4,2],[6,0,1,2,3,4,5,6,2],[8,0,1,1],[9,0,1,2,3],[10,0,1,2,3,1],[2,1,1],[1,0,1,2,3,8,5],[1,0,1,5,2,4,3,6,7,8,9],[1,0,1,4,8,4],[3,0,1,2,4,5,4],[3,0,1,3,4,5,4]],[[[{"name":"Email_Read_Background","rect":[0,0,1000,185],"offset":[0,0],"originalSize":[1000,185],"capInsets":[0,0,0,0]}],[4],0,[0],[2],[1]],[[[2,"Email_Read"],[3,"Email_Read",[-8,-9,-10],[[1,0,-2,[4],5],[8,-4,[[9,"1c8bc2GdkJAwamUQNO6/X0g","Open_Email",-3]]],[10,-7,-6,-5,6]],[11,-1],[5,1000,185]],[7,"Email_Title",1,[[-11,[12,9,85,15,56.765,-12]],1,4],[0,"80H8jZ//JPt4UBSgkuD0Nl",1],[5,110,56.7],[0,0,0.5],[-415,49.15,0,0,0,0,1,1,1,1]],[4,"Email_Type",1,[[1,0,-13,[1],2],[13,34,607.986,110,74.5,74.5,-2.81,40,36,-14]],[0,"49vvsV1htLTqL9qQAlXSIL",1],[5,150,150],[315,-2.81,0,0,0,0,1,1,1,1]],[5,"Email_Content",[[15,"邮件内容\n",35,1,-15,[3]],[14,12,305.064,-25.200000000000003,-16]],[0,"63Rz+DFYxMn6/GL01Uq6vB",1],[5,600,90.4],[0,0,0.5],[5.064000000000021,-15,0,0,0,0,1,1,1,1]],[16,"标题",55,45,2,[0]],[6,"Email_Label",1,[4],[0,"06s/U5McpFyq77B6CqtFgr",1],[5,300,70],[0,1,0.5],[-423.553,-49.25,0,0,0,0,1,1,1,1]]],0,[0,3,1,0,0,1,0,4,1,0,0,1,0,5,1,0,6,5,0,0,1,0,-1,2,0,-2,3,0,-3,6,0,-1,5,0,0,2,0,0,3,0,0,3,0,0,4,0,0,4,0,7,1,4,8,6,16],[0,0,0,0,0,0,0],[-1,-1,1,-1,-1,1,9],[0,0,2,0,0,3,4]]]]