{
  "version": "1.1.1",
  "windows": {
    "main": {
      "main": true,
      "url": "app://editor/index.html",
      "windowType": "dockable",
      "x": 0,
      "y": 0,
      "width": 1536,
      "height": 824,
      "layout": {
        "children": [
          {
            "children": [
              {
                "active": 0,
                "children": [
                  "hierarchy"
                ],
                "height": 353.1000061035156,
                "type": "panel",
                "width": 245.90000915527344
              },
              {
                "active": 0,
                "children": [
                  "assets"
                ],
                "height": 352.1000061035156,
                "type": "panel",
                "width": 245.90000915527344
              }
            ],
            "height": 708.2000122070312,
            "type": "dock-v",
            "width": 245.90000915527344
          },
          {
            "children": [
              {
                "children": [
                  {
                    "active": 0,
                    "children": [
                      "scene"
                    ],
                    "height": 366.625,
                    "type": "panel",
                    "width": 584.7625122070312
                  },
                  {
                    "active": 0,
                    "children": [
                      "node-library"
                    ],
                    "height": 366.625,
                    "type": "panel",
                    "width": 316.8625183105469
                  }
                ],
                "height": 366.625,
                "type": "dock-h",
                "width": 904.6375122070312
              },
              {
                "active": 0,
                "children": [
                  "console",
                  "timeline",
                  "game-window"
                ],
                "height": 338.57501220703125,
                "type": "panel",
                "width": 904.6375122070312
              }
            ],
            "height": 708.2000122070312,
            "type": "dock-v",
            "width": 904.6375122070312
          },
          {
            "active": 0,
            "children": [
              "inspector",
              "cocos-services"
            ],
            "height": 708.2000122070312,
            "type": "panel",
            "width": 365.8500061035156
          }
        ],
        "type": "dock-h"
      },
      "panels": [
        "hierarchy",
        "assets",
        "scene",
        "node-library",
        "console",
        "timeline",
        "game-window",
        "inspector",
        "cocos-services"
      ]
    },
    "worker": {}
  },
  "panels": {
    "sprite-editor": {
      "x": 508,
      "y": 128,
      "width": 516,
      "height": 540
    },
    "project-settings": {
      "x": 476,
      "y": 128,
      "width": 604,
      "height": 568
    },
    "builder": {
      "x": 344,
      "y": 24,
      "width": 528,
      "height": 748
    }
  },
  "panelLabelWidth": {
    "inspector": "35.1429%",
    "builder": null
  }
}
