{
  "0d884126-1d87-45ec-934b-998e487e3511": {
    "asset": 1609311968020,
    "meta": 1609312894738,
    "relativePath": "Prefab"
  },
  "57a22b32-f6b6-4bf5-a3ad-cd55ebee110f": {
    "asset": 1609597744627,
    "meta": 1609597744633,
    "relativePath": "Prefab\\User_Label.prefab"
  },
  "f88e4a44-fca8-41da-806a-8445e22704b9": {
    "asset": 1609428304619,
    "meta": 1609436373766,
    "relativePath": "Image"
  },
  "e2f67790-fbb0-4310-832a-59b9edafef31": {
    "asset": 1609314382428,
    "meta": 1609316013014,
    "relativePath": "Scene"
  },
  "b4b298ad-1b61-4b90-9b2d-8591587bdbda": {
    "asset": 1609239994138,
    "meta": 1609313198050,
    "relativePath": "Image\\User_Background.png"
  },
  "c6b7ebee-b1ed-4b60-a719-2917c3c36313": {
    "asset": 1609442179686,
    "meta": 1609442211825,
    "relativePath": "Script"
  },
  "c7f39b7d-40d5-434f-82a2-922eb6c0a7d0": {
    "asset": 1609599477253,
    "meta": 1609599477258,
    "relativePath": "Scene\\Friend_Label.fire"
  },
  "133c5f30-106e-494c-b127-732d823bd90f": {
    "asset": 1608084016031,
    "meta": 1609428304634,
    "relativePath": "Image\\Love.png"
  },
  "1bf3d5fb-b42d-4811-9f9e-c72714d62c40": {
    "asset": 1608084015976,
    "meta": 1609428304635,
    "relativePath": "Image\\Love_Letter.png"
  },
  "bd8a2296-d5da-4206-bc5c-1d7043dead4b": {
    "asset": 1608084016352,
    "meta": 1609428304644,
    "relativePath": "Image\\Report.png"
  },
  "d8c80d54-4b46-4a58-83f8-7d9fd85b15c6": {
    "asset": 1609591436978,
    "meta": 1609591438160,
    "relativePath": "Script\\Cloud_Image.js"
  },
  "db76bc63-398a-4ebc-ba07-343feee35a23": {
    "asset": 1609597929042,
    "meta": 1609597936255,
    "relativePath": "Script\\Loading_Friends.js"
  },
  "5c3eedba-6c41-4c0c-9ba7-d91f813cbd1c": {
    "asset": 1608128752517,
    "meta": 1611166215116,
    "relativePath": "materials"
  },
  "fc09f9bd-2cce-4605-b630-8145ef809ed6": {
    "asset": 1608128752520,
    "meta": 1611166215119,
    "relativePath": "misc"
  },
  "db019bf7-f71c-4111-98cf-918ea180cb48": {
    "asset": 1608128752533,
    "meta": 1611166215121,
    "relativePath": "model"
  },
  "e39e96e6-6f6e-413f-bcf1-ac7679bb648a": {
    "asset": 1608128752531,
    "meta": 1611166215122,
    "relativePath": "model\\prefab"
  },
  "a87cc147-01b2-43f8-8e42-a7ca90b0c757": {
    "asset": 1608135192849,
    "meta": 1611166215124,
    "relativePath": "model\\prefab\\box.prefab"
  },
  "fe1417b6-fe6b-46a4-ae7c-9fd331f33a2a": {
    "asset": 1608135192853,
    "meta": 1611166215126,
    "relativePath": "model\\prefab\\capsule.prefab"
  },
  "b5fc2cf2-7942-483d-be1f-bbeadc4714ad": {
    "asset": 1608135192856,
    "meta": 1611166215129,
    "relativePath": "model\\prefab\\cone.prefab"
  },
  "1c5e4038-953a-44c2-b620-0bbfc6170477": {
    "asset": 1608135192861,
    "meta": 1611166215130,
    "relativePath": "model\\prefab\\cylinder.prefab"
  },
  "2be36297-9abb-4fee-8049-9ed5e271da8a": {
    "asset": 1608128752520,
    "meta": 1611166215128,
    "relativePath": "misc\\default_video.mp4"
  },
  "3f376125-a699-40ca-ad05-04d662eaa1f2": {
    "asset": 1608135192864,
    "meta": 1611166215132,
    "relativePath": "model\\prefab\\plane.prefab"
  },
  "6c9ef10d-b479-420b-bfe6-39cdda6a8ae0": {
    "asset": 1608135192867,
    "meta": 1611166215133,
    "relativePath": "model\\prefab\\quad.prefab"
  },
  "2d9a4b85-b0ab-4c46-84c5-18f393ab2058": {
    "asset": 1608135192871,
    "meta": 1611166215135,
    "relativePath": "model\\prefab\\sphere.prefab"
  },
  "de510076-056b-484f-b94c-83bef217d0e1": {
    "asset": 1608135192886,
    "meta": 1611166215145,
    "relativePath": "model\\prefab\\torus.prefab"
  },
  "f6e6dd15-71d1-4ffe-ace7-24fd39942c05": {
    "asset": 1608128752536,
    "meta": 1611166215145,
    "relativePath": "obsolete"
  },
  "8a96b965-2dc0-4e03-aa90-3b79cb93b5b4": {
    "asset": 1608128752536,
    "meta": 1611166215155,
    "relativePath": "obsolete\\atom.png"
  },
  "f743d2b6-b7ea-4c14-a55b-547ed4d0a045": {
    "asset": 1608128752539,
    "meta": 1611166215156,
    "relativePath": "particle"
  },
  "d0a82d39-bede-46c4-b698-c81ff0dedfff": {
    "asset": 1608128752538,
    "meta": 1611166215167,
    "relativePath": "particle\\atom.png"
  },
  "ae6c6c98-11e4-452f-8758-75f5c6a56e83": {
    "asset": 1608128752572,
    "meta": 1611166215168,
    "relativePath": "prefab"
  },
  "897ef7a1-4860-4f64-968d-f5924b18668a": {
    "asset": 1608135192936,
    "meta": 1611166215169,
    "relativePath": "prefab\\2d-camera.prefab"
  },
  "70d7cdb0-04cd-41bb-9480-c06a4785f386": {
    "asset": 1608135192940,
    "meta": 1611166215170,
    "relativePath": "prefab\\3d-camera.prefab"
  },
  "70bbeb73-6dc2-4ee4-8faf-76b3a0e34ec4": {
    "asset": 1608135192945,
    "meta": 1611166215173,
    "relativePath": "prefab\\3d-particle.prefab"
  },
  "ed88f13d-fcad-4848-aa35-65a2cb973584": {
    "asset": 1608135192950,
    "meta": 1611166215176,
    "relativePath": "prefab\\3d-stage.prefab"
  },
  "972b9a4d-47ee-4c74-b5c3-61d8a69bc29f": {
    "asset": 1608135192954,
    "meta": 1611166215177,
    "relativePath": "prefab\\button.prefab"
  },
  "2c937608-2562-40ea-b264-7395df6f0cea": {
    "asset": 1608135192959,
    "meta": 1611166215178,
    "relativePath": "prefab\\canvas.prefab"
  },
  "61aeb05b-3b32-452b-8eed-2b76deeed554": {
    "asset": 1608135192963,
    "meta": 1611166215181,
    "relativePath": "prefab\\editbox.prefab"
  },
  "27756ebb-3d33-44b0-9b96-e858fadd4dd4": {
    "asset": 1608135192967,
    "meta": 1611166215183,
    "relativePath": "prefab\\label.prefab"
  },
  "785a442c-3ceb-45be-a46e-7317f625f3b9": {
    "asset": 1608135192971,
    "meta": 1611166215184,
    "relativePath": "prefab\\layout.prefab"
  },
  "a3ee0214-b432-4865-9666-4a3211814282": {
    "asset": 1608128752554,
    "meta": 1611166215185,
    "relativePath": "prefab\\light"
  },
  "61906da3-7003-4bda-9abc-5769c76faee4": {
    "asset": 1608135192976,
    "meta": 1611166215187,
    "relativePath": "prefab\\light\\ambient.prefab"
  },
  "ddb99b39-7004-47cd-9705-751905c43c46": {
    "asset": 1608135192979,
    "meta": 1611166215189,
    "relativePath": "prefab\\light\\directional.prefab"
  },
  "0cf30284-9073-46bc-9eba-e62b69dbbff3": {
    "asset": 1608135192983,
    "meta": 1611166215190,
    "relativePath": "prefab\\light\\point.prefab"
  },
  "f5331fd2-bf42-4ee3-a3fd-3e1657600eff": {
    "asset": 1608135192986,
    "meta": 1611166215192,
    "relativePath": "prefab\\light\\spot.prefab"
  },
  "ca8401fe-ad6e-41a8-bd46-8e3e4e9945be": {
    "asset": 1608135192990,
    "meta": 1611166215194,
    "relativePath": "prefab\\pageview.prefab"
  },
  "cd33edea-55f5-46c2-958d-357a01384a36": {
    "asset": 1608135192994,
    "meta": 1611166215196,
    "relativePath": "prefab\\particlesystem.prefab"
  },
  "5965ffac-69da-4b55-bcde-9225d0613c28": {
    "asset": 1608135192997,
    "meta": 1611166215198,
    "relativePath": "prefab\\progressBar.prefab"
  },
  "4a37dd57-78cd-4cec-aad4-f11a73d12b63": {
    "asset": 1608135193001,
    "meta": 1611166215200,
    "relativePath": "prefab\\richtext.prefab"
  },
  "32044bd2-481f-4cf1-a656-e2b2fb1594eb": {
    "asset": 1608135193005,
    "meta": 1611166215202,
    "relativePath": "prefab\\scrollview.prefab"
  },
  "0004d1cf-a0ad-47d8-ab17-34d3db9d35a3": {
    "asset": 1608135193008,
    "meta": 1611166215204,
    "relativePath": "prefab\\slider.prefab"
  },
  "1f55e3be-b89b-4b79-88de-47fd31018044": {
    "asset": 1608135193011,
    "meta": 1611166215206,
    "relativePath": "prefab\\sprite_splash.prefab"
  },
  "96083d03-c332-4a3f-9386-d03e2d19e8ee": {
    "asset": 1608135193014,
    "meta": 1611166215207,
    "relativePath": "prefab\\sprite.prefab"
  },
  "7de03a80-4457-438d-95a7-3e7cdffd6086": {
    "asset": 1608135193017,
    "meta": 1611166215209,
    "relativePath": "prefab\\tiledmap.prefab"
  },
  "0e42ba95-1fa1-46aa-b2cf-143cd1bcee2c": {
    "asset": 1608135193020,
    "meta": 1611166215211,
    "relativePath": "prefab\\tiledtile.prefab"
  },
  "0d784963-d024-4ea6-a7db-03be0ad63010": {
    "asset": 1608135193023,
    "meta": 1611166215213,
    "relativePath": "prefab\\toggle.prefab"
  },
  "bf0a434c-84dd-4a8e-a08a-7a36f180cc75": {
    "asset": 1608135193033,
    "meta": 1611166215215,
    "relativePath": "prefab\\toggleContainer.prefab"
  },
  "d1b8be49-b0a0-435c-83b7-552bed4bbe35": {
    "asset": 1608135193037,
    "meta": 1611166215218,
    "relativePath": "prefab\\toggleGroup.prefab"
  },
  "232d2782-c4bd-4bb4-9e01-909f03d6d3b9": {
    "asset": 1608135193041,
    "meta": 1611166215220,
    "relativePath": "prefab\\videoplayer.prefab"
  },
  "d8afc78c-4eac-4a9f-83dd-67bc70344d33": {
    "asset": 1608128752587,
    "meta": 1611166215222,
    "relativePath": "resources"
  },
  "294c1663-4adf-4a1e-a795-53808011a38a": {
    "asset": 1608128752587,
    "meta": 1611166215223,
    "relativePath": "resources\\effects"
  },
  "30682f87-9f0d-4f17-8a44-72863791461b": {
    "asset": 1608128752576,
    "meta": 1611166215231,
    "relativePath": "resources\\effects\\builtin-2d-graphics.effect"
  },
  "144c3297-af63-49e8-b8ef-1cfa29b3be28": {
    "asset": 1608128752577,
    "meta": 1611166215238,
    "relativePath": "resources\\effects\\builtin-2d-gray-sprite.effect"
  },
  "9836134e-b892-4283-b6b2-78b5acf3ed45": {
    "asset": 1608128752493,
    "meta": 1611166214853,
    "relativePath": "effects"
  },
  "430eccbf-bf2c-4e6e-8c0c-884bbb487f32": {
    "asset": 1608128752491,
    "meta": 1611166214885,
    "relativePath": "effects\\__builtin-editor-gizmo-line.effect"
  },
  "6c5cf6e1-b044-4eac-9431-835644d57381": {
    "asset": 1608128752492,
    "meta": 1611166214896,
    "relativePath": "effects\\__builtin-editor-gizmo-unlit.effect"
  },
  "115286d1-2e10-49ee-aab4-341583f607e8": {
    "asset": 1608128752493,
    "meta": 1611166214918,
    "relativePath": "effects\\__builtin-editor-gizmo.effect"
  },
  "abc2cb62-7852-4525-a90d-d474487b88f2": {
    "asset": 1608128752488,
    "meta": 1611166214975,
    "relativePath": "effects\\builtin-phong.effect"
  },
  "e2f00085-c597-422d-9759-52c360279106": {
    "asset": 1608128752490,
    "meta": 1611166215011,
    "relativePath": "effects\\builtin-toon.effect"
  },
  "f8e6b000-5643-4b86-9080-aa680ce1f599": {
    "asset": 1608128752515,
    "meta": 1611166215012,
    "relativePath": "image"
  },
  "71561142-4c83-4933-afca-cb7a17f67053": {
    "asset": 1608128752496,
    "meta": 1611166215033,
    "relativePath": "image\\default_btn_disabled.png"
  },
  "e851e89b-faa2-4484-bea6-5c01dd9f06e2": {
    "asset": 1608128752497,
    "meta": 1611166215032,
    "relativePath": "image\\default_btn_normal.png"
  },
  "edd215b9-2796-4a05-aaf5-81f96c9281ce": {
    "asset": 1608128752499,
    "meta": 1611166215042,
    "relativePath": "image\\default_editbox_bg.png"
  },
  "b43ff3c2-02bb-4874-81f7-f2dea6970f18": {
    "asset": 1608128752498,
    "meta": 1611166215043,
    "relativePath": "image\\default_btn_pressed.png"
  },
  "d81ec8ad-247c-4e62-aa3c-d35c4193c7af": {
    "asset": 1608128752500,
    "meta": 1611166215053,
    "relativePath": "image\\default_panel.png"
  },
  "99170b0b-d210-46f1-b213-7d9e3f23098a": {
    "asset": 1608128752502,
    "meta": 1611166215052,
    "relativePath": "image\\default_progressbar_bg.png"
  },
  "567dcd80-8bf4-4535-8a5a-313f1caf078a": {
    "asset": 1608128752503,
    "meta": 1611166215062,
    "relativePath": "image\\default_radio_button_off.png"
  },
  "cfef78f1-c8df-49b7-8ed0-4c953ace2621": {
    "asset": 1608128752501,
    "meta": 1611166215061,
    "relativePath": "image\\default_progressbar.png"
  },
  "9d60001f-b5f4-4726-a629-2659e3ded0b8": {
    "asset": 1608128752504,
    "meta": 1611166215072,
    "relativePath": "image\\default_radio_button_on.png"
  },
  "4bab67cb-18e6-4099-b840-355f0473f890": {
    "asset": 1608128752506,
    "meta": 1611166215071,
    "relativePath": "image\\default_scrollbar_bg.png"
  },
  "617323dd-11f4-4dd3-8eec-0caf6b3b45b9": {
    "asset": 1608128752508,
    "meta": 1611166215081,
    "relativePath": "image\\default_scrollbar_vertical_bg.png"
  },
  "d6d3ca85-4681-47c1-b5dd-d036a9d39ea2": {
    "asset": 1608128752507,
    "meta": 1611166215082,
    "relativePath": "image\\default_scrollbar_vertical.png"
  },
  "0291c134-b3da-4098-b7b5-e397edbe947f": {
    "asset": 1608128752505,
    "meta": 1611166215089,
    "relativePath": "image\\default_scrollbar.png"
  },
  "0275e94c-56a7-410f-bd1a-fc7483f7d14a": {
    "asset": 1608128752511,
    "meta": 1611166215088,
    "relativePath": "image\\default_sprite_splash.png"
  },
  "6e056173-d285-473c-b206-40a7fff5386e": {
    "asset": 1608128752509,
    "meta": 1611166215099,
    "relativePath": "image\\default_sprite.png"
  },
  "73a0903d-d80e-4e3c-aa67-f999543c08f5": {
    "asset": 1608128752512,
    "meta": 1611166215098,
    "relativePath": "image\\default_toggle_checkmark.png"
  },
  "c25b9d50-c8fc-4d27-beeb-6e7c1f2e5c0f": {
    "asset": 1608128752513,
    "meta": 1611166215108,
    "relativePath": "image\\default_toggle_disabled.png"
  },
  "d29077ba-1627-4a72-9579-7b56a235340c": {
    "asset": 1608128752514,
    "meta": 1611166215108,
    "relativePath": "image\\default_toggle_normal.png"
  },
  "b181c1e4-0a72-4a91-bfb0-ae6f36ca60bd": {
    "asset": 1608128752515,
    "meta": 1611166215115,
    "relativePath": "image\\default_toggle_pressed.png"
  },
  "600301aa-3357-4a10-b086-84f011fa32ba": {
    "asset": 1608128752494,
    "meta": 1611166215121,
    "relativePath": "image\\default-particle.png"
  },
  "c4480a0a-6ac5-443f-8b40-361a14257fc8": {
    "asset": 1608128752516,
    "meta": 1611166215782,
    "relativePath": "materials\\builtin-phong.mtl"
  },
  "b2687ac4-099e-403c-a192-ff477686f4f5": {
    "asset": 1608128752537,
    "meta": 1611166215801,
    "relativePath": "particle\\atom.plist"
  },
  "8c5001fd-07ee-4a4b-a8a0-63e15195e94d": {
    "asset": 1608135193044,
    "meta": 1611166215222,
    "relativePath": "prefab\\webview.prefab"
  },
  "b8223619-7e38-47c4-841f-9160c232495a": {
    "asset": 1608128752535,
    "meta": 1611166215799,
    "relativePath": "obsolete\\atom.plist"
  },
  "f18742d7-56d2-4eb5-ae49-2d9d710b37c8": {
    "asset": 1608128752578,
    "meta": 1611166215248,
    "relativePath": "resources\\effects\\builtin-2d-label.effect"
  },
  "0e93aeaa-0b53-4e40-b8e0-6268b4e07bd7": {
    "asset": 1608128752580,
    "meta": 1611166215256,
    "relativePath": "resources\\effects\\builtin-2d-spine.effect"
  },
  "2874f8dd-416c-4440-81b7-555975426e93": {
    "asset": 1608128752580,
    "meta": 1611166215266,
    "relativePath": "resources\\effects\\builtin-2d-sprite.effect"
  },
  "829a282c-b049-4019-bd38-5ace8d8a6417": {
    "asset": 1608128752581,
    "meta": 1611166215326,
    "relativePath": "resources\\effects\\builtin-3d-particle.effect"
  },
  "2a7c0036-e0b3-4fe1-8998-89a54b8a2bec": {
    "asset": 1608128752583,
    "meta": 1611166215343,
    "relativePath": "resources\\effects\\builtin-3d-trail.effect"
  },
  "c0040c95-c57f-49cd-9cbc-12316b73d0d4": {
    "asset": 1608128752584,
    "meta": 1611166215349,
    "relativePath": "resources\\effects\\builtin-clear-stencil.effect"
  },
  "6d91e591-4ce0-465c-809f-610ec95019c6": {
    "asset": 1608128752586,
    "meta": 1611166215361,
    "relativePath": "resources\\effects\\builtin-unlit.effect"
  },
  "bbee2217-c261-49bd-a8ce-708d6bcc3500": {
    "asset": 1608128752600,
    "meta": 1611166215362,
    "relativePath": "resources\\materials"
  },
  "6f801092-0c37-4f30-89ef-c8d960825b36": {
    "asset": 1608128752588,
    "meta": 1611166215820,
    "relativePath": "resources\\materials\\builtin-2d-base.mtl"
  },
  "a153945d-2511-4c14-be7b-05d242f47d57": {
    "asset": 1608128752590,
    "meta": 1611166215821,
    "relativePath": "resources\\materials\\builtin-2d-graphics.mtl"
  },
  "3a7bb79f-32fd-422e-ada2-96f518fed422": {
    "asset": 1608128752591,
    "meta": 1611166215822,
    "relativePath": "resources\\materials\\builtin-2d-gray-sprite.mtl"
  },
  "e02d87d4-e599-4d16-8001-e14891ac6506": {
    "asset": 1608128752592,
    "meta": 1611166215823,
    "relativePath": "resources\\materials\\builtin-2d-label.mtl"
  },
  "7afd064b-113f-480e-b793-8817d19f63c3": {
    "asset": 1608128752594,
    "meta": 1611166215823,
    "relativePath": "resources\\materials\\builtin-2d-spine.mtl"
  },
  "eca5d2f2-8ef6-41c2-bbe6-f9c79d09c432": {
    "asset": 1608128752595,
    "meta": 1611166215824,
    "relativePath": "resources\\materials\\builtin-2d-sprite.mtl"
  },
  "432fa09c-cf03-4cff-a186-982604408a07": {
    "asset": 1608128752596,
    "meta": 1611166215825,
    "relativePath": "resources\\materials\\builtin-3d-particle.mtl"
  },
  "466d4f9b-e5f4-4ea8-85d5-3c6e9a65658a": {
    "asset": 1608128752597,
    "meta": 1611166215826,
    "relativePath": "resources\\materials\\builtin-3d-trail.mtl"
  },
  "cf7e0bb8-a81c-44a9-ad79-d28d43991032": {
    "asset": 1608128752599,
    "meta": 1611166215827,
    "relativePath": "resources\\materials\\builtin-clear-stencil.mtl"
  },
  "2a296057-247c-4a1c-bbeb-0548b6c98650": {
    "asset": 1608128752600,
    "meta": 1611166215828,
    "relativePath": "resources\\materials\\builtin-unlit.mtl"
  },
  "954fec8b-cd16-4bb9-a3b7-7719660e7558": {
    "asset": 1608128752533,
    "meta": 1611166217387,
    "relativePath": "model\\primitives.fbx"
  }
}